e_commonwealth;Commonwealth;Commonwealth;Commonwealth;;Commonwealth;;;;;;;;;x
e_commonwealth_adj;Commonwealth;Commonwealth;Commonwealth;;Commonwealth;;;;;;;;;x
e_ottoman;Ottomans;Ottomans;Ottomans;;Ottomans;;;;;;;;;x
e_ottoman_adj;Ottoman;Ottoman;Ottoman;;Ottoman;;;;;;;;;x
e_yugoslavia;Yugoslavia;Yugoslavia;Yugoslavia;;Yugoslavia;;;;;;;;;x
e_yugoslavia_adj;Yugoslavian;Yugoslaviaien;Yugoslaviaier;;Yugoslaviaiano;;;;;;;;;x
e_benelux;Benelux;Benelux;Benelux;;Benelux;;;;;;;;;x
e_benelux_adj;Beneluxian;Beneluxien;Beneluxier;;Beneluxiano;;;;;;;;;x
e_al-andalus;Al-Andalus;;;;;;;;;;;;;x
e_al-andalus_adj;Andalusian;;;;;;;;;;;;;x
e_prussia;Greater Prussia;;;;;;;;;;;;;x
e_prussia_adj;Greater Prussian;;;;;;;;;;;;;x
e_european_union;European Union;;;;;;;;;x
e_european_union_adj;European;;;;;;;;;x
e_austria_romaia;Austria-Romaia;;;;;;;;;x
e_austria_romaia_adj;Austro-Romani;;;;;;;;;x
e_austria_hungary;Austria-Hungary;;;;;;;;;x
e_austria_hungary_adj;Austro-Hungarian;;;;;;;;;x
e_spain_t;Spain;;;;;;;;;x
e_spain_t_adj;Spanish;;;;;;;;;x
d_upper_silesia;Upper Silesia;;;;;;;;;x
d_upper_silesia_adj;Upper Silesian;;;;;;;;;x

#New stuff for Lusophones
e_lusitania;Lusitania;;;;;;;;;x
e_lusitania_adj;Lusitanian;;;;;;;;;x

#Stuff for Islamic China
e_hui;Tang Empire;;;;;;;;;x
e_hui_adj;Tang;;;;;;;;;x

#Stuff for Christian China
e_heavenly;Taiping Kingdom;;;;;;;;;x
e_heavenly_adj;Taiping;;;;;;;;;x

#American Colony
e_american_colony;American European Colonies;;;;;;;;;x
e_american_colony_adj;Colonial;;;;;;;;;x

#Stuff for Aragon
e_aragon;Aragon;;;;;;;;;x
e_aragon_adj;Aragonese;;;;;;;;;x

#Stuff for Transcaucasia
e_caucasia;Transcaucasia;;;;;;;;;x
e_caucasia_adj;Transcaucasian;;;;;;;;;x

#Stuff for Indo-Ports
e_konkani;Indian State;;;;;;;;;x
e_konkani_adj;Konkani;;;;;;;;;x

#Stuff for Swedes
e_swedish;Swedish Empire;;;;;;;;;x
e_swedish_adj;Swedish;;;;;;;;;x

#Stuff for Bulgarian
e_bulgaria;Bulgarian Empire;;;;;;;;;x
e_bulgaria_adj;Bulgarian;;;;;;;;;x

#Stuff for Yuan
e_yuan;Yuan Empire;;;;;;;;;x
e_yuan_adj;Yuan;;;;;;;;;x

#Stuff for Balts
e_baltic;Baltic Union;;;;;;;;;x
e_baltic_adj;Baltic;;;;;;;;;x

#Stuff for Norwegians
e_norway;Northern Union;;;;;;;;;x
e_norway_adj;Northern;;;;;;;;;x

#Stuff for Ilkhanate
e_ilkhanate;Ilkhanate;;;;;;;;;x
e_ilkhanate_adj;Ilkhan;;;;;;;;;x

#Stuff for Chagatai
e_chagatai;Chagatai Khanate;;;;;;;;;x
e_chagatai_adj;Chagatai;;;;;;;;;x

#Stuff for Golden Horde
e_golden_horde;Golden Horde;;;;;;;;;x
e_golden_horde_adj;Tatar;;;;;;;;;x

#Stuff for UAE
k_uae;United Arab Emirates;;;;;;;;;x
k_uae_adj;Emirati;;;;;;;;;x

#Set via decision
e_hungary_austria_dummy;xxxx;;;;;;;;;x
EMPIRE_HUNGARY_AUSTRIA;Hungary-Austria;;;;;;;;;x
EMPIRE_HUNGARY_AUSTRIA_ADJ;Hungaro-Austrian;;;;;;;;;x
e_austria_hungary_dummy;xxxx;;;;;;;;;x
EMPIRE_AUSTRIA_HUNGARY;Austria-Hungary;;;;;;;;;x
EMPIRE_AUSTRIA_HUNGARY_ADJ;Austro-Hungarian;;;;;;;;;x
k_title;Title;Title;Title;;Title;;;;;;;;;x
k_title_adj;Title;Title;Title;;Title;;;;;;;;;x
d_marmara;Marmara;;;;;;;;;x
d_marmara_adj;Marmara;;;;;;;;;x
d_zurichgau;Zurichgau;Zurichgau;Zurichgau;;Zurichgau;;;;;;;;;x
ELDER;Elder;Elder;Elder;;Elder;;;;;;;;;x
ELDER_FOA;Your Eminence;Your Eminence;Your Eminence;;Your Eminence;;;;;;;;;x
COUNCIL_PRESIDENT;Council President;Council President;Council President;;Council President;;;;;;;;;x
COUNCIL_PRESIDENT_FOA;Your Holiness;Your Holiness;Your Holiness;;Your Holiness;;;;;;;;;x
NEW_PRESIDENT;President;President;President;;President;;;;;;;;;x
NEW_PRESIDENT_FOA;Your Holiness;Your Holiness;Your Holiness;;Your Holiness;;;;;;;;;x
CHAIRMAN;Chairman;;;;;;;;;x
CHAIRMAN_FEMALE;Chairwoman;;;;;;;;;x
SUPREME_CHAIRMAN;Supreme Chairman;;;;;;;;;x
SUPREME_CHAIRMAN_FEMALE;Supreme Chairwoman;;;;;;;;;x
ROMANIRAJ;Romaniraj;;;;;;;;;x
BUNDESKAISER;Bundeskaiser;;;;;;;;;x
BUNDESKAISER_FEMALE;Bundeskaiserin;;;;;;;;x
CHAIRMAN_FOA;Great Leader;;;;;;;;;x
LIEUTENANT_GENERAL;Lieutenant-General;;;;;;;;;x
LIEUTENANT_GENERAL_FOA;General;;;;;;;;;x
GENERAL_COMISSAR;General-Commissar;;;;;;;;;x
GENERAL_COMISSAR_FOA;Great Leader;;;;;;;;;x
RICHTER;Richter;;;;;;;;;x
RICHTER_FOA;Your Honour;;;;;;;;;x
GRANDPRIOR;Grand Prior;;;;;;;;;x
GRANDPRIOR_FOA;Prior;;;;;;;;;x
CITIZEN_FOA;Comrade;;;;;;;;;x
DRAGON_EMPEROR;Dragon Emperor;;;;;;;;;x
DRAGON_EMPEROR_FEMALE;Dragon Empress;;;;;;;;;x
DRAGON_EMPEROR_FOA;Your Draconic Majesty;;;;;;;;;x
DRAGON_KING;Dragon King;;;;;;;;;x
DRAGON_KING_FEMALE;Dragon Queen;;;;;;;;;x
LIEUTENANT-COLONEL;Lieutenant-Colonel;;;;;;;;;x
LIEUTENANT-COLONEL_FOA;Your Majesty;;;;;;;;;x
DIRECTOR;Director;;;;;;;;;x
DIRECTOR_FOA;Mr.;;;;;;;;;x
PRIMARCH;Primarch;;;;;;;;;x
PRIMARCH_FOA;My Primarch;;;;;;;;;x
CAPTAIN-LIEUTENANT;Captain-Lieutenant;Captain-Lieutenant;Captain-Lieutenant;;Captain-Lieutenant;;;;;;;;;x
CAPTAIN-LIEUTENANT_FOA;Thine Majesty;Thine Majesty;Thine Majesty;;Thine Majesty;;;;;;;;;x
MASTER_SEEKER;Mamoste Sopger;;;;;;;;;x
d_mesopotamian;Supreme Chairmanship of Babylon;;;;;;;;;x
d_mesopotamian_adj;Babylonian;;;;;;;;;x
k_catalonia;Catalonia;Catalonia;Catalonia;;Catalonia;;;;;;;;;x
k_catalonia_adj;Catalonian;Cataloniaien;Cataloniaier;;Cataloniaiano;;;;;;;;;x
k_cilicia;Cilicia;Cilicia;Cilicia;;Cilicia;;;;;;;;;x
k_cilicia_adj;Cilician;Cilician;Cilician;;Cilician;;;;;;;;;x
k_galicia_y_asturias;Galicia y Asturias;Galicia y Asturias;Galicia y Asturias;;Galicia y Asturias;;;;;;;;;x
k_galicia_y_asturias_adj;Galician;Galicaien;Galicaier;;Galiciaiano;;;;;;;;;x
k_catalunia;Catalonia;Catalonia;Catalonia;;Catalonia;;;;;;;;;x
k_catalunia_adj;Catalonian;Cataloniaien;Cataloniaier;;Cataloniaiano;;;;;;;;;x
k_basque;Basque Kingdom;Basque Kingdom;Basque Kingdom;;Basque Kingdom;;;;;;;;;x
k_basque_adj;Basqan;Basqueien;Basqueier;;Basqueiano;;;;;;;;;x
k_switzerland;Switzerland;Switzerland;Switzerland;;Switzerland;;;;;;;;;x
k_switzerland_adj;Swiss;Swissien;Swissier;;Swissiano;;;;;;;;;x
k_lichtenstein;Lichtenstein;Lichtenstein;Lichtenstein;;Lichtenstein;;;;;;;;;x
k_lichtenstein_adj;Lichtensteinian;Lichtensteinien;Lichtensteinier;;Lichtensteiniano;;;;;;;;;x

d_solovetsky;Solovetsky;;;;;;;;;;;;;x
d_solovetsky_adj;Solovetskan;;;;;;;;;;;;;x
c_solovetsky;Solovetsky;;;;;;;;;;;;;x
c_solovetsky_adj;Solovetskan;;;;;;;;;;;;;x
b_solovetsky;Solovetsky;;;;;;;;;;;;;x
b_st_low_germans;Saint-Germain;;;;;;;;;;;;;x
b_rebalda;Rebalda;;;;;;;;;;;;;x
b_pervoupol;Pervoupol;;;;;;;;;;;;;x
b_lidrinsk;Lidrinsk;;;;;;;;;;;;;x
b_mazyl;Mazyl;;;;;;;;;;;;;x
b_novoriysk;Novoriysk;;;;;;;;;;;;;x
b_ulapyevsk;Ulapyevsk;;;;;;;;;;;;;x
b_zeleshikha;Zeleshikha;;;;;;;;;;;;;x
c_lanzarote;Lanzarote;;;;;;;;;;;;;x
c_lanzarote_adj;lanzarotean;;;;;;;;;;;;;x
b_arrecife;Arrecife;;;;;;;;;;;;;x
b_puerto_del_carmen;Puerto del Carmen;;;;;;;;;;;;;x
b_playa_blanca;Playa Blanca;;;;;;;;;;;;;x
b_la_santa;la Santa;;;;;;;;;;;;;x
b_caleta_de_famara;Caleta de Famara;;;;;;;;;;;;;x
b_teguise;Teguise;;;;;;;;;;;;;x
b_mozaga;Mozaga;;;;;;;;;;;;;x
c_gran_canaria;Gran Canaria;;;;;;;;;;;;;x
c_gran_canaria_adj;Gran Canarian;;;;;;;;;;;;;x
b_telde;Telde;;;;;;;;;;;;;x
b_las_palmas;Las Palmas;;;;;;;;;;;;;x
b_vecindario;Vecindario;;;;;;;;;;;;;x
b_maspalomas;Maspalomas;;;;;;;;;;;;;x
b_mogan;Mogan;;;;;;;;;;;;;x
b_teror;Teror;;;;;;;;;;;;;x
b_agaete;Agaeta;;;;;;;;;;;;;x
c_fuerteventura;Fuerteventura;;;;;;;;;;;;;x
c_fuerteventura_adj;Fuerteventuran;;;;;;;;;;;;;x
b_puerto_del_rosario;Puerto del Rosario;;;;;;;;;;;;;x
b_tuineje;Tuineje;;;;;;;;;;;;;x
b_gran_tarajal;Gran Tarajal;;;;;;;;;;;;;x
b_tarajalejo;Tarajalejo;;;;;;;;;;;;;x
b_corralejo;Corralejo;;;;;;;;;;;;;x
b_el_cotillo;El Cotillo;;;;;;;;;;;;;x
b_antigua;Antigua;;;;;;;;;;;;;x
k_gondor;Gondor;;;;;;;;;x
k_gondor_adj;Gondorian;;;;;;;;;x
k_arnor;Arnor;;;;;;;;;x
k_arnor_adj;Arnorian;;;;;;;;;x
k_harad;Harad;;;;;;;;;x
k_harad_adj;Haradian;;;;;;;;;x
k_donkuban;Donkuban;;;;;;;;;x
k_donkuban_adj;Donkubanese;;;;;;;;;x
k_holland;Netherlands;Holland;Holland;;Holland;;;;;;;;;x
k_holland_adj;Dutch;Dutch;Dutch;;Dutch;;;;;;;;;x
k_belgium;Belgium;Belgium;Belgium;;Belgium;;;;;;;;;x
k_belgium_adj;Belgian;Belgian;Belgian;;Belgian;;;;;;;;;x
k_luxemburg;Luxemburg;Luxemburg;Luxemburg;;Luxemburg;;;;;;;;;x
k_luxemburg_adj;Luxemburgian;Luxemburgian;Luxemburgian;;Luxemburgian;;;;;;;;;x
k_serbja;Serbia;Serbia;Serbia;;Serbia;;;;;;;;;x
k_serbja_adj;Serbian;Serbiaien;Serbiaier;;Serbiaiano;;;;;;;;;x
k_slovenia;Slovenia;Slovenia;Slovenia;;Slovenia;;;;;;;;;x
k_slovenia_adj;Slovenian;Sloveniaien;Sloveniaier;;Sloveniaiano;;;;;;;;;x
k_chorwatia;Croatia;Croatia;Croatia;;Croatia;;;;;;;;;x
k_chorwatia_adj;Croatian;Croatiaien;Croatiaier;;Croatiaiano;;;;;;;;;x
k_bosnai;Bosnia & Hertzegowina;Bosnia & Hertzegowina;Bosnia & Hertzegowina;;Bosnia & Hertzegowina;;;;;;;;;x
k_bosnai_adj;Bosnian;Bosniaien;Bosniaier;;Bosniaiano;;;;;;;;;x
k_britannia;Britain;Britain;Britain;;Britain;;;;;;;;;x
k_britannia_adj;British;British;British;;British;;;;;;;;;x
k_england;England;;;;;;;;;;;;;x
k_england_adj;English;;;;;;;;;;;;;x
k_rhineland;Rhineland;Rhineland;Rhineland;;Rhineland;;;;;;;;;x
k_rhineland_adj;Rhinelandian;Rhinelandien;Rhinelandier;;Rhinelandiano;;;;;;;;;x
k_bavarja;Bavaria;Bavaria;Bavaria;;Bavaria;;;;;;;;;x
k_bavarja_adj;Bavarian;Bavariaien;Bavariaier;;Bavariaiano;;;;;;;;;x
k_prussia;Prussia;Prussia;Prussia;;Prussia;;;;;;;;;x
k_prussia_adj;Prussian;Prussiaien;Prussiaier;;Prussiaiano;;;;;;;;;x
k_wendia;Sorbia;Sorbia;Sorbia;;Sorbia;;;;;;;;;x
k_wendia_adj;Sorbian;Sorbian;Sorbian;;Sorbian;;;;;;;;;x
k_kashubia;Kashubia;Kashubia;Kashubia;;Kashubia;;;;;;;;;x
k_kashubia_adj;Kashubian;Kashubien;Kashubiaier;;Kashubiano;;;;;;;;;x
k_thrace;Thrace;Thrace;Thrace;;Thrace;;;;;;;;;x
k_thrace_adj;Thracian;Thracian;Thracian;;Thracian;;;;;;;;;x
k_bohemia;Czechia;Czechia;Czechia;;Czechia;;;;;;;;;x
k_bohemia_adj;Czech;Czechiaien;Czechiaier;;Czechiaiano;;;;;;;;;x
k_palmarian_pope;Palmarian Papacy;;;;;;;;;x
k_palmarian_pope_adj;Palmarian;;;;;;;;;x
k_serbia_triumvirate;Triumvirate;;;;;;;;;x
k_serbia_triumvirate_adj;Tiumviratan;;;;;;;;;x
k_azerbaijan;Azerbaijan;Azerbaijan;Azerbaijan;;Azerbaijan;;;;;;;;;x
k_azerbaijan_adj;Azerbaijan;Azerbaijan;Azerbaijan;;Azerbaijan;;;;;;;;;x
k_oman;Oman;Oman;Oman;;Oman;;;;;;;;;x
k_oman_adj;Oman;Oman;Oman;;Oman;;;;;;;;;x
k_turkey;Turkey;Turkey;Turkey;;Turkey;;;;;;;;;x
k_turkey_adj;Turkish;Turkish;Turkish;;Turkish;;;;;;;;;x
k_iceland;Iceland;Iceland;Iceland;;Iceland;;;;;;;;;x
k_iceland_adj;Icelandic;Icelandic;Icelandic;;Icelandic;;;;;;;;;x
k_two_siciles;Two Sicilies;Two Sicilies;Two Sicilies;;Two Sicilies;;;;;;;;;x
k_two_siciles_adj;Sicilian;Sicilian;Sicilian;;Sicilian;;;;;;;;;x
k_lombardo-veneto;Lombardo-Veneto;Lombardo-Veneto;Lombardo-Veneto;;Lombardo-Veneto;;;;;;;;;x
k_lombardo-veneto_adj;Lombardian;Lombardian;Lombardian;;Lombardian;;;;;;;;;x
k_san_marino;San Marino;San Marino;San Marino;;San Marino;;;;;;;;;x
k_san_marino_adj;San Marinease;San Marinease;San Marinease;;San Marinease;;;;;;;;;x
k_sardinia;Sardinia;Sardinia;Sardinia;;Sardinia;;;;;;;;;x
k_sardinia_adj;Sardinian;Sardinian;Sardinian;;Sardinian;;;;;;;;;x
k_sahara;Sahara;;;;;;;;;;;;;x
k_sahara_adj;Saharan;;;;;;;;;;;;;x
k_saxon_adj;Hannoveran;;;;;;;;;x
k_saxon;Hannover;;;;;;;;;x
d_west_sahara;West Sahara;;;;;;;;;;;;;x
d_west_sahara_adj;West Saharan;;;;;;;;;;;;;x
d_east_sahara;East Sahara;;;;;;;;;;;;;x
d_east_sahara_adj;East Saharan;;;;;;;;;;;;;x
d_brandenburgia;Brandenburgia;Brandenburgia;Brandenburgia;;Brandenburgia;;;;;;;;;x
d_brandenburgia_adj;Brandenburgian;Brandenburgian;Brandenburgian;;Brandenburgian;;;;;;;;;x
d_lausitt;Lausitz;Lausitz;Lausitz;;Lausitz;;;;;;;;;x
d_lausitt_adj;Lausitzian;Lausitzian;Lausitzian;;Lausitzian;;;;;;;;;x
d_meissenn;Saxony;;;;;;;;;;;;;x
d_meissenn_adj;Saxon;;;;;;;;;;;;;x
d_bremenn;Bremen;Bremen;Bremen;;Bremen;;;;;;;;;x
d_bremenn_adj;Bremenian;Bremenian;Bremenian;;Bremenian;;;;;;;;;x
d_desert_stormers;Desert Stormers;;;;;;;;;;;;;x
d_desert_stormers_adj;Desert;;;;;;;;;;;;;x
d_engria;Angria;Angria;Angria;;Angria;;;;;;;;;x
d_engria_adj;Angrian;Angrian;Angrian;;Angrian;;;;;;;;;x
d_munster_deutschland;Munster Deutschland;Munster Deutschland;Munster Deutschland;;Munster Deutschland;;;;;;;;;x
d_munster_deutschland_adj;Munster Deutsch;Munster Deutsch;Munster Deutsch;;Munster Deutsch;;;;;;;;;x
d_saxon;Low Saxony;;;;;;;;;;;;;x
d_saxon_adj;Saxon;Saxonian;Saxonian;;Saxonian;;;;;;;;;x
d_lombardy;Lombardy;Lombardy;Lombardy;;Lombardy;;;;;;;;;x
d_lombardy_adj;Lombardian;Lombardian;Lombardian;;Lombardian;;;;;;;;;x
d_abu_dhabi;Abu Dhabi;Abu Dhabi;Abu Dhabi;;Abu Dhabi;;;;;;;;;x
d_abu_dhabi_adj;Abu Dhabi;Abu Dhabi;Abu Dhabi;;Abu Dhabi;;;;;;;;;x
d_dhofar;Dhofar;Dhofar;Dhofar;;Dhofar;;;;;;;;;x
d_dhofar_adj;Dhofar;Dhofar;Dhofar;;Dhofar;;;;;;;;;x
d_columbus_knights;Knights of Saint Columbus;Knights of Saint Columbus;Knights of Saint Columbus;;Knights of Saint Columbus;;;;;;;;;x
d_columbus_knights_adj;Knights of Saint Columbus;Knights of Saint Columbus;Knights of Saint Columbus;;Knights of Saint Columbus;;;;;;;;;x
d_carmelites;Carmelites;;;;;;;;;x
d_carmelites_adj;Carmelitan;;;;;;;;;x
d_montesa;Order of Montesa;;;;;;;;;x
d_montesa_adj;Montesian;;;;;;;;;x
d_red_turbans;Red Turbans;;;;;;;;;x
d_red_turbans_adj;Red Turban;;;;;;;;;x
d_saint_basil;Order of Saint Basil;;;;;;;;;x
d_saint_bsail_adj;Basilian;;;;;;;;;x
d_frontier;Frontier Guardians;;;;;;;;;x
d_frontier_adj;Frontier Guardian;;;;;;;;;x
d_baptist_order;Holy Baptist Convention;;;;;;;;;x
d_baptist_order_adj;Baptist;;;;;;;;;x
d_excalibur;Excalibur's Chosen;;;;;;;;;x
d_excalibur_adj;Exalibur;;;;;;;;;x
d_tectonic_order;Tectonic Order;;;;;;;;;x
d_tectonic_order_adj;Tectonic;;;;;;;;;x
d_portugal;Portugal;Portugal;Portugal;;Portugal;;;;;;;;;x
d_portugal_adj;Portugalian;Portugalien;Portugalier;;Portugaliano;;;;;;;;;x
d_basque;Basque;Basque;Basque;;Basque;;;;;;;;;x
d_basque_adj;Basqan;Basqueien;Basqueier;;Basqueiano;;;;;;;;;x
d_beresty;Beresty;;;;;;;;;x
d_beresty_adj;Berestian;;;;;;;;;x
d_vasterbotten;Vasterbotten;;;;;;;;;x
d_vasterbotten_adj;Beresty;;;;;;;;;x
k_tectonic_state;Tectonic State;;;;;;;;;x
k_tectonic_state_adj;Tectonic;;;;;;;;;x
k_KGB_state;KGB State;;;;;;;;;x
k_KGB_state_adj;Agent's;;;;;;;;;x
k_hospitaller_state;Hospitaller State;;;;;;;;;x
k_hospitaller_state_adj;Hospitaller;;;;;;;;;x
k_sepulchre_state;Sepulchrean State;;;;;;;;;x
k_sepulchre_state_adj;Sepulchrean;;;;;;;;;x
d_knights_lazarus;Knights of Lazarus;;;;;;;;;x
d_knights_lazarus_adj;Lazarean;;;;;;;;;x
k_belarus;Belarus;;;;;;;;;x
k_belarus_adj;Belarussian;;;;;;;;;x
d_pas-de-calais;Pas de Calais;Pas de Calais;Pas de Calais;;Pas de Calais;;;;;;;;;x
d_pas-de-calais_adj;Pas de Calais;Pas de Calais;Pas de Calais;;Pas de Calais;;;;;;;;;x
d_grand_est;Grand Est;Grand Est;Grand Est;;Grand Est;;;;;;;;;x
d_grand_est_adj;Grand Est;Grand Est;Grand Est;;Grand Est;;;;;;;;;x
d_toulouse;Ascitonia;;;;;;;;;x
d_toulouse_adj;Ascitonian;;;;;;;;;x
d_aquitaine;Limousin;Limousin;Limousin;;Limousin;;;;;;;;;x
d_aquitaine_adj;Limousinian;Limousinien;Limousinier;;Limousiniano;;;;;;;;;x
d_lichtenstein;Lichtenstein;Lichtenstein;Lichtenstein;;Lichtenstein;;;;;;;;;x
d_lichtenstein_adj;Lichtensteinian;Lichtensteinien;Lichtensteinier;;Lichtensteiniano;;;;;;;;;x
c_schwyz;Vaduz;Vaduz;Vaduz;;Vaduz;;;;;;;;;x
c_schwyz_adj;Vaduzian;Vaduzien;Vaduzier;;Vaduziano;;;;;;;;;x
d_loen;Leon;Leon;Leon;;Leon;;;;;;;;;x
d_loen_adj;Leonian;Leonien;Leonier;;Leoniano;;;;;;;;;x
d_arturias;Asturias;Asturias;Asturias;;Asturias;;;;;;;;;x
d_arturias_adj;Asturiasian;Asturiasien;Asturiasier;;Asturiasiano;;;;;;;;;x
d_extremadura;Extremadura;Extremadura;Extremadura;;Extremadura;;;;;;;;;x
d_extremadura_adj;Extremaduraian;Extremaduraien;Extremaduraier;;Extremaduraiano;;;;;;;;;x
d_mallorka;Mallorca;Mallorca;Mallorca;;Mallorca;;;;;;;;;x
d_mallorka_adj;Mallorcan;Mallorcaien;Mallorcaier;;Mallorcaiano;;;;;;;;;x
d_savoia;Savoia;Savoia;Savoia;;Savoia;;;;;;;;;x
d_savoia_adj;Savoian;Savoian;Savoian;;Savoian;;;;;;;;;x
d_dauphin;Dauphin;Dauphin;Dauphin;;Dauphin;;;;;;;;;x
d_dauphin_adj;Dauphinian;Dauphinian;Dauphinian;;Dauphinian;;;;;;;;;x
d_french_comte;French Comte;;French Comte;;French Comte;;;French Comte;;;;;;;;;x
d_french_comte_adj;Comte French;Comte French;Comte French;;Comte French;;;;;;;;;x
d_upper_switzerland;Upper Switzerland;Upper Switzerland;Upper Switzerland;;Upper Switzerland;;;;;;;;;x
d_upper_switzerland_adj;Upper Swiss;Upper Swiss;Upper Swiss;;Upper Swiss;;;;;;;;;x
d_provance;Provance;Provance;Provance;;Provance;;;;;;;;;x
d_provance_adj;Provancian;Provanceien;Provanceier;;Provanceiano;;;;;;;;;x
d_flander;Flanders;Flanders;Flanders;;Flanders;;;;;;;;;x
d_flander_adj;Flandersian;Flandersien;Flandersier;;Flandersiano;;;;;;;;;x
d_trabant;Wallonia;;;;;;;;;x
d_trabant_adj;Wallonian;;;;;;;;;x
d_picardy;Picardy;;;;;;;;;x
d_picardy_adj;Picardian;;;;;;;;;x
d_holand;Holland;Holland;Holland;;Holland;;;;;;;;;x
d_holand_adj;Dutch;Dutchien;Dutchier;;Dutchiano;;;;;;;;;x
d_gellre;Gelre;Gelre;Gelre;;Gelre;;;;;;;;;x
d_gellre_adj;Gelreian;Gelreien;Gelreier;;Gelreiano;;;;;;;;;x
d_new_luxemburg;New Luxemburg;New Luxemburg;New Luxemburg;;New Luxemburg;;;;;;;;;x
d_new_luxemburg_adj;New Luxemburgian;New Luxemburgien;New Luxemburgier;;New Luxemburgiano;;;;;;;;;x
d_luxemburg_proper;Luxemburg Proper;Luxemburg Proper;Luxemburg Proper;;Luxemburg Proper;;;;;;;;;x
d_luxemburg_proper_adj;Luxemburgian;Luxemburgien;Luxemburgier;;Luxemburgiano;;;;;;;;;x
d_grand_est;Grand Est;Grand Est;Grand Est;;Grand Est;;;;;;;;;x
d_grand_est_adj;Grand Est;Grand Est;Grand Est;;Grand Est;;;;;;;;;x
d_orleanais;Orleanais;Orleanais;Orleanais;;Orleanais;;;;;;;;;x
d_orleanais_adj;Orleanais;Orleanais;Orleanais;;Orleanais;;;;;;;;;x
d_hauts-de-france;Pas de Calais;Pas de Calais;Pas de Calais;;Pas de Calais;;;;;;;;;x
d_hauts-de-france_adj;Pas de Calais;Pas de Calais;Pas de Calais;;Pas de Calais;;;;;;;;;x
d_poitiers;Poitiers;Poitiers;Poitiers;;Poitiers;;;;;;;;;x
d_poitiers_adj;Poitiers;Poitiers;Poitiers;;Poitiers;;;;;;;;;x
d_schwaben;Swabia;Swabia;Swabia;;Swabia;;;;;;;;;x
d_schwaben_adj;Swabia;Swabia;Swabia;;Swabia;;;;;;;;;x
d_madrid;Madrid;Madrid;Madrid;;Madrid;;;;;;;;;x
d_madrid_adj;Madrid;Madrid;Madrid;;Madrid;;;;;;;;;x
d_musketeers;Musketeers;The Musketeers;The Musketeers;;The Musketeers;;;;;;;;;x
d_musketeers_adj;Musketeer;Musketeer;Musketeer;;Musketeer;;;;;;;;;x
d_teutonic_knights;Teutonic Knights;;;;;;;;;;;;;x
d_teutonic_knights_adj;Teutonic;;;;;;;;;;;;;x
d_adeptus_custodes;Custodians;;;;;;;;;;;;;x
d_adeptus_custodes_adj;Custodian;;;;;;;;;;;;;x
d_seekers;Sopgeri Yazdan;;;;;;;;;;;;;x
d_seekers_adj;Seeking;;;;;;;;;;;;;x
c_madrid;Madrid;Madrid;Madrid;;Madrid;;;;;;;;;x
c_madrid_adj;Madrid;Madrid;Madrid;;Madrid;;;;;;;;;x
b_el_palmar;El Palmar Del Troya;El Palmar Del Troya;El Palmar Del Troya;;El Palmar Del Troya;;;;;;;;;x
b_el_palmar_adj;Palmarian;Palmarian;Palmarian;;Palmarian;;;;;;;;;x
b_palos;Palos;Palos;Palos;;Palos;;;;;;;;;x
b_palos_adj;Palos;Palos;Palos;;Palos;;;;;;;;;x
b_birmingham;Birmingham;;;;;;;;;;;;;x
b_birmingham_adj;Birminghamian;;;;;;;;;;;;;x
grand_principality_title;Grand Prince;Grand Prince;Grand Prince;;Grand Prince;;;;;;;;;x
grand_principality_title_female;Grand Princess;Grand Princess;Grand Princess;;Grand Princess;;;;;;;;;x
grand_principality_prefix;Grand Principality of;Grand Principality of;Grand Principality of;;Grand Principality of;;;;;;;;;x
grand_principality_foa;Your Grand Majesty;Your Grand Majesty;Your Grand Majesty;;Your Grand Majesty;;;;;;;;;x
principality_title;Prince;Prince;Prince;;Prince;;;;;;;;;x
principality_title_female;Princess;Princess;Princess;;Princess;;;;;;;;;x
principality_prefix;Principality of;Principality of;Principality of;;Principality of;;;;;;;;;x
principality_foa;Your Majesty;Your Majesty;Your Majesty;;Your Majesty;;;;;;;;;x

#For Lithuania and others
grand_duchy_title;Grand Duke;Grand Duke;Grand Duke;;Grand Duke;;;;;;;;;x
grand_duchy_title_female;Grand Duchess;Grand Duchess;Grand Duchess;;Grand Duchess;;;;;;;;;x
grand_duchy_prefix;Grand Duchy of;Grand Duchy of;Grand Duchy of;;Grand Duchy of;;;;;;;;;x
grand_duchy_foa;Your Grand Majesty;Your Grand Majesty;Your Grand Majesty;;Your Grand Majesty;;;;;;;;;x

dual_monarchy_prefix;Dual Monarchy of;;;;;;;;;x
yugoslavia_title;Car;Car;Car;;Car;;;;;;;;;x
yugoslavia_title_female;Carica;Carica;Carica;;Carica;;;;;;;;;x
yugoslavia_prefix;Cardom of;Cardom of;Cardom of;;Cardom of;;;;;;;;;x
propiciater_title;Propiciater;Propiciater;Propiciater;;Propiciater;;;;;;;;;x
tzar_title;Tzar;;;;;;;;;x
tzar_title_female;Tzarina;;;;;;;;;x
tzarina_title;Tzarina;;;;;;;;;x
tzarina_title_female;Tzarina;;;;;;;;;x
k_title_adj;Title;Title;Title;;Title;;;;;;;;;x
d_lincoln;Lincoln;Lincoln;Lincoln;;Lincoln;;;;;;;;;x
d_lincoln_adj;Lincoln;Lincoln;Lincoln;;Lincoln;;;;;;;;;x
d_liverpool;Liverpool;Liverpool;Liverpool;;Liverpool;;;;;;;;;x
d_liverpool_adj;Liverpool;Liverpool;Liverpool;;Liverpool;;;;;;;;;x
c_liverpool;Liverpool;Liverpool;Liverpool;;Liverpool;;;;;;;;;x
c_liverpool_adj;Liverpool;Liverpool;Liverpool;;Liverpool;;;;;;;;;x
d_tricity;Tricity;Tricity;Tricity;;Tricity;;;;;;;;;x
d_tricity_adj;Tricity;Tricity;Tricity;;Tricity;;;;;;;;;x
b_gdynia;Gdynia;Gdynia;Gdynia;;Gdynia;;;;;;;;;x
b_gdynia_adj;Gdynia;Gdynia;Gdynia;;Gdynia;;;;;;;;;x
b_sopot;Sopot;Sopot;Sopot;;Sopot;;;;;;;;;x
b_sopot_adj;Sopot;Sopot;Sopot;;Sopot;;;;;;;;;x
k_romania;Romania;Romania;Romania;;Romania;;;;;;;;;x
k_romania_adj;Romanian;Romanian;Romanian;;Romanian;;;;;;;;;x
k_moldova;Moldova;;;;;;;;;x
k_moldova_adj;Moldovan;;;;;;;;;x
d_brunswicc;Brunswick;Brunswick;Brunswick;;Brunswick;;;;;;;;;x
d_brunswicc_adj;Brunswick;Brunswick;Brunswick;;Brunswick;;;;;;;;;x
d_finnway;Finnaway;Finnaway;Finnaway;;Finnaway;;;;;;;;;x
d_finnway_adj;Finnaway;Finnaway;Finnaway;;Finnaway;;;;;;;;;x
d_scania;Skania;Skania;Skania;;Skania;;;;;;;;;x
d_scania_adj;Skanian;Skanian;Skanian;;Skanian;;;;;;;;;x
d_mordor;Mordor;Mordor;Mordor;;Mordor;;;;;;;;;x
d_mordor_adj;Mordor;Mordor;Mordor;;Mordor;;;;;;;;;x
k_lativia;Latvia;Latvia;Latvia;;Latvia;;;;;;;;;x
k_lativia_adj;Latvian;Latvian;Latvian;;Latvian;;;;;;;;;x
e_zapadoslavia;Zapadoslavia;Zapadoslavia;Zapadoslavia;;Zapadoslavia;;;;;;;;;x
e_zapadoslavia_adj;Zapadoslavian;Zapadoslavian;Zapadoslavian;;Zapadoslavian;;;;;;;;;x
d_kaliningrad;Kaliningrad;Kaliningrad;Kaliningrad;;Kaliningrad;;;;;;;;;x
d_kaliningrad_adj;Kaliningrader;Kaliningrader;Kaliningrader;;Kaliningrader;;;;;;;;;x
k_karelia;Karelia;Karelia;Karelia;;Karelia;;;;;;;;;x
k_karelia_adj;Karelian;Karelian;Karelian;;Karelian;;;;;;;;;x
k_belarus;Belarus;;;;;;;;;x
k_belarus_adj;Belarussian;;;;;;;;;x
k_smalensk;Paazerye;;;;;;;;;x
k_smalensk_adj;Paazerian;;;;;;;;;x
d_zaporizhia;Zaporizhia;;;;;;;;;x
d_zaporizhia_adj;Zaporizhian;;;;;;;;;x
d_mykolaiv;Porohy;;;;;;;;;x
d_mykolaiv_adj;Porozian;;;;;;;;;;x
k_ukraine;Ukraine;;;;;;;;;;x
k_ukraine_adj;Ukrainian;;;;;;;;;;x
e_transnistria;Transnistria;;;;;;;;;;x
e_transnistria_adj;Transnistrian;;;;;;;;;;x
d_purple_throne;Purple Throne;;;;;;;;;;x
d_purple_throne_adj;Purple;;;;;;;;;;x
k_pietropolis;Pietrograd;;;;;;;;;x
k_pietropolis_adj;Pietrogradan;;;;;;;;;x
d_gerazimiks;Gerazimiks;;;;;;;;;x
d_gerazimiks_adj;Gerazimik;;;;;;;;;x
d_invisible_watchers;Unseen Observers;;;;;;;;;x
d_invisible_watchers_adj;Unseen Observers;;;;;;;;;x
d_lokomotivs;Lokomotivs;;;;;;;;;x
d_lokomotivs_adj;Lokomotivan;;;;;;;;;x
d_arestants;Arestants;;;;;;;;;x
d_arestants_adj;Arestantian;;;;;;;;;x
d_vorkuta;Vorkuta;;;;;;;;;x
d_vorkuta_adj;Vorkutian;;;;;;;;;x
d_kholat_syakhl;Kholat Syakhl;;;;;;;;;x
d_kholat_syakhl_adj;Kholatian;;;;;;;;;x
d_kazymites;Kazymites;;;;;;;;;x
d_kazymites_adj;Kazymitean;;;;;;;;;x
d_gebnia;Gebnia;;;;;;;;;x
d_gebnia_adj;Gebnian;;;;;;;;;x
d_mezhdurechie;Mezhdurechie;;;;;;;;;x
d_mezhdurechie_adj;Mezhdurechian;;;;;;;;;x
d_neftianiks;Neftianiks;;;;;;;;;x
d_neftianiks_adj;Neftian;;;;;;;;;x
d_zheltye;Zheltye;;;;;;;;;x
d_zheltye_adj;Zheltian;;;;;;;;;x
d_sibir_tatar;Siberian Tatars;;;;;;;;;x
d_sibir_tatar_adj;Siberian Tatar;;;;;;;;;x
d_sibpanks;Sibpanks;;;;;;;;;x
d_sibpanks_adj;Sibpank;;;;;;;;;x
d_lizardmen;Lizardmen;;;;;;;;;x
d_lizardmen_adj;Lizardmen;;;;;;;;;x
d_kara;Kara Legue;;;;;;;;;x
d_kara_adj;Karen;;;;;;;;;x
k_kremlin;Kremlin;;;;;;;;;x
k_kremlin_adj;Kremlin;;;;;;;;;x
k_calvinist;Elder's Canton;;;;;;;;;x
k_calvinist_adj;Elder's Canton;;;;;;;;;x
k_lutheran;Communion Church;;;;;;;;;x
k_lutheran_adj;Communion Church;;;;;;;;;x
d_veneto;Veneto;Veneto;Veneto;;Veneto;;;;;;;;;x
d_campania;Campania;Campania;Campania;;Campania;;;;;;;;;x
d_puglia;Puglia;Puglia;Puglia;;Puglia;;;;;;;;;x
d_latium;Lazio;Lazio;Lazio;;Lazio;;;;;;;;;x
d_emilia;Emilia;Emilia;Emilia;;Emilia;;;;;;;;;x
d_romagna;Romagna;Romagna;Romagna;;Romagna;;;;;;;;;x
d_redcoats;Redcoats;The Redcoats;The Redcoats;;The Redcoats;;;;;;;;;x
d_marche;Le Marche;Le Marche;Le Marche;;Le Marche;;;;;;;;;x
d_lombardia;Lombardia;Lombardia;Lombardia;;Lombardia;;;;;;;;;x
d_toscana;Toscana;Toscana;Toscana;;Toscana;;;;;;;;;x
d_liguria;Liguria;Liguria;Liguria;;Liguria;;;;;;;;;x
d_venezia;Venezia;Venezia;Venezia;;Venezia;;;;;;;;;x
d_umbria;Umbria;Umbria;Umbria;;Umbria;;;;;;;;;x
d_piemonte;Piemonte;Piemonte;Piemonte;;Piemonte;;;;;;;;;x
d_ostlandet;Østlandet;Østlandet;Østlandet;;Østlandet;;;;;;;;;x
d_aland;Åland;Åland;Åland;;Åland;;;;;;;;;x
k_barentsiya;Barentsiya;Barentsiya;Barentsiya;;Barentsiya;;;;;;;;;x
k_barentsiya_adj;Barentsiyan;Barentsiyan;Barentsiyan;;Barentsiyan;;;;;;;;;x
k_chad;Chad;Chad;Chad;;Chad;;;;;;;;;x
k_chad_adj;Chad;Chad;Chad;;Chad;;;;;;;;;x
k_niger;Niger;Niger;Niger;;Niger;;;;;;;;;x
k_niger_adj;Niger;Niger;Niger;;Niger;;;;;;;;;x
k_kurdistan;Kurdistan;Kurdistan;Kurdistan;;Kurdistan;;;;;;;;;x
d_abeibara;Abeibara;Abeibara;Abeibara;;Abeibara;;;;;;;;;x
d_abeibara_adj;Abeibara;Abeibara;Abeibara;;Abeibara;;;;;;;;;x
c_dendi;Niamey;Niamey;Niamey;;Niamey;;;;;;;;;x
c_dendi_adj;Niamey;Niamey;Niamey;;Niamey;;;;;;;;;x
k_tagelmustia;Tagelmustia;Tagelmustia;Tagelmustia;;Tagelmustia;;;;;;;;;x
k_tagelmustia_adj;Tagelmustia;Tagelmustia;Tagelmustia;;Tagelmustia;;;;;;;;;x
e_new_fombina;Mali;;;;;;;;;x
e_new_fombina_adj;Malian;;;;;;;;;x
d_barsakelmes;Barsakelmes;Barsakelmes;Barsakelmes;;Barsakelmes;;;;;;;;;x
d_barsakelmes_adj;Barsakelmes;Barsakelmes;Barsakelmes;;Barsakelmes;;;;;;;;;x
d_kyzylorda;Kyzylorda;Kyzylorda;Kyzylorda;;Kyzylorda;;;;;;;;;x
d_kyzylorda_adj;Kyzylordan;Kyzylordan;Kyzylordan;;Kyzylordan;;;;;;;;;x
d_akmola;Akmola;Akmola;Akmola;;Akmola;;;;;;;;;x
d_akmola_adj;Akmolan;Akmolan;Akmolan;;Akmolan;;;;;;;;;x
d_mangystau;Mangystau;Mangystau;Mangystau;;Mangystau;;;;;;;;;x
d_mangystau_adj;Mangystauan;Mangystauan;Mangystauan;;Mangystauan;;;;;;;;;x
d_karagandy;Karagandy;Karagandy;Karagandy;;Karagandy;;;;;;;;;x
d_karagandy_adj;Karagandian;Karagandian;Karagandian;;Karagandian;;;;;;;;;x
k_kazakhstan;Kazakhstan;Kazakhstan;Kazakhstan;;Kazakhstan;;;;;;;;;x
k_kazakhstan_adj;Kazakh;Kazakh;Kazakh;;Kazakh;;;;;;;;;x
d_kano;Kano;Kano;Kano;;Kano;;;;;;;;;x
d_kano_adj;Kano;Kano;Kano;;Kano;;;;;;;;;x
d_chechnya;Chechnya;;;;;;;;;;;;;x
d_chechnya_adj;Chechen;;;;;;;;;;;;;x
c_chechnya;Chechnya;;;;;;;;;;;;;x
c_chechnya_adj;Chechen;;;;;;;;;;;;;x
b_akhmat;Akhmat Tower;;;;;;;;;;;;;x
b_grozny;Grozny;;;;;;;;;;;;;x
k_volgaria;Volgaria;Volgaria;Volgaria;;Volgaria;;;;;;;;;x
k_volgaria_adj;Volgar;Volgar;Volgar;;Volgar;;;;;;;;;x
k_arkhangelsk;Pomorie;Arkhangelsk;Arkhangelsk;;Arkhangelsk;;;;;;;;;x
k_arkhangelsk_adj;Pomorian;Arkhangelskian;Arkhangelskian;;Arkhangelskian;;;;;;;;;x
k_title;Title;Title;Title;;Title;;;;;;;;;x
k_title_adj;Title;Title;Title;;Title;;;;;;;;;x
k_title;Title;Title;Title;;Title;;;;;;;;;x
k_title_adj;Title;Title;Title;;Title;;;;;;;;;x
k_title;Title;Title;Title;;Title;;;;;;;;;x
k_title_adj;Title;Title;Title;;Title;;;;;;;;;x
k_title;Title;Title;Title;;Title;;;;;;;;;x
k_title_adj;Title;Title;Title;;Title;;;;;;;;;x
d_west_bengal;West Bengal;;;;;;;;;x
d_west_bengal_adj;West Bengali;;;;;;;;;x
d_oriental;Oriental;;;;;;;;;x
d_oriental_adj;Oriental;;;;;;;;;x
d_tetouan;Tetouan;;;;;;;;;x
d_tetouan_adj;Tetouan;;;;;;;;;x
d_boulemane;Boulemane;;;;;;;;;x
d_boulemane_adj;Boulemane;;;;;;;;;x
d_es_semara;Es-Semara;;;;;;;;;x
d_es_semara_adj;Es-Semara;;;;;;;;;x
d_massa;Massa;;;;;;;;;x
d_massa_adj;Massa;;;;;;;;;x
d_alhoceima;Alhoceima;;;;;;;;;x
d_alhoceima_adj;Alhoceima;;;;;;;;;x
k_morocco;Morocco;;;;;;;;;x
k_morocco_adj;Moroccoan;;;;;;;;;x
c_stalingrad;Stalingrad;;;;;;;;;x
c_stalingrad_adj;Stalingrader;;;;;;;;;x
b_valletta;Valletta;;;;;;;;;x
b_valletta_adj;Beltin;;;;;;;;;x
e_great_russia;Great Russia;;;;;;;;;x
e_great_russia_adj;Great Russian;;;;;;;;;x
e_russian_republic;Russian Republic;;;;;;;;;x
e_russian_republic_adj;Russian Republican;;;;;;;;;x
e_cccp;Soyuz;;;;;;;;;x
e_cccp_adj;Soviet;;;;;;;;;x
e_kuhjungs;Europabund;;;;;;;;;x
e_kuhjungs_adj;Europabunder;;;;;;;;;x
k_romaraj;Romanotem;;;;;;;;;x
k_romaraj_adj;Romani;;;;;;;;;x
d_somalia;Somalia;;;;;;;;;x
d_somalia_adj;Somalian;;;;;;;;;x
b_wejherowo;Wejherowo;;;;;;;;;x
d_hidasans;Hidasans;;;;;;;;;x
k_sudan;Sudan;;;;;;;;;x 
b_engels;Engels;;;;;;;;;x
d_shiv_sena;Shiv Sena;;;;;;;;;x
d_shiv_sena_adj;Shiv Sena;;;;;;;;;x
k_doggerland;Doggerland;;;;;;;;;x
k_doggerland_adj;Doggerlander;;;;;;;;;x
d_doggerland;Doggerland;;;;;;;;;x
d_doggerland_adj;Doggerlander;;;;;;;;;x
c_north_doggerland;North Doggerland;;;;;;;;;x
c_north_doggerland_adj;North Doggerlander;;;;;;;;;x
b_favrsted;Favrsted;;;;;;;;;x
b_hestr;Hestr;;;;;;;;;x
b_akranes;Akranes;;;;;;;;;x
b_bjarkey;Bjarkey;;;;;;;;;x
b_kalfaklofsa;Kalfaklofsa;;;;;;;;;x
b_aurrioaaross;Aurrioaaross;;;;;;;;;x
b_skoro;Skoro;;;;;;;;;x
c_south_doggerland;South Doggerland;;;;;;;;;x
c_south_doggerland_adj;South Doggerlander;;;;;;;;;x
b_fljot;Fljot;;;;;;;;;x
b_melar;Melar;;;;;;;;;x
b_buland;Buland;;;;;;;;;x
b_holm;Holm;;;;;;;;;x
b_geirland;Geirland;;;;;;;;;x
b_olafsfjoror;Olafsfjoror;;;;;;;;;x
b_baroastrond;Baroastrond;;;;;;;;;x
c_storo;Storo;;;;;;;;;x
c_storo_adj;Storoan;;;;;;;;;x
b_storbro;Storbro;;;;;;;;;x
b_oteja;Oteja;;;;;;;;;x
b_enhall;Enhall;;;;;;;;;x
b_orivalta;Orivalta;;;;;;;;;x
b_otona;Otona;;;;;;;;;x
b_flekkevinger;Flekkevinger;;;;;;;;;x
b_anykmene;Anykmene;;;;;;;;;x
b_nesjahsker;Nesjahsker;;;;;;;;;x
c_lileo;Lileo;;;;;;;;;x
c_lileo_adj;Lileoan;;;;;;;;;x
b_selfors;Selfors;;;;;;;;;x
b_bolstaor;Bolstaor;;;;;;;;;x
b_iara;Iara;;;;;;;;;x
b_sandloekr;Sandloekr;;;;;;;;;x
b_kambr;Kambr;;;;;;;;;x
b_bjargaoss;Bjargaoss;;;;;;;;;x
b_saurbaer;Saurbaer;;;;;;;;;x
b_eskiholt;Eskiholt;;;;;;;;;x
d_Tweeling;Tweeling;;;;;;;;;x
c_tweeling;Tweeling;;;;;;;;;x
b_sneek;Sneek;;;;;;;;;x
b_hal;Hal;;;;;;;;;x
b_mullum;Mullum;;;;;;;;;x
b_viljen;Viljen;;;;;;;;;x
b_oene;Oene;;;;;;;;;x
b_wadwaai;Wadwaai;;;;;;;;;x
b_reijin;Reijin;;;;;;;;;x
b_heitrak;Heitrak;;;;;;;;;x
d_djerba;Djerba;;;;;;;;;x
d_djerba_adj;Djerban;;;;;;;;;x
c_djerba;Djerba;;;;;;;;;x
c_djerba_adj;Djerban;;;;;;;;;x
b_souk;Souk;;;;;;;;;x
b_ajim;Ajim;;;;;;;;;x
b_tiet;Tiet;;;;;;;;;x
b_midun;Midun;;;;;;;;;x
b_aghir;Aghir;;;;;;;;;x
b_mellita;Mellita;;;;;;;;;x
b_ghizen;Ghizen;;;;;;;;;x
c_tataouine;Tataouine;;;;;;;;;x
c_tataouine_adj;Tataouine;;;;;;;;;x
c_jersey_and_guernsey;Jersey and Guerbsey;;;;;;;;;x
c_jersey_and_guernsey_adj;Jerseyite;;;;;;;;;x
b_st_helier;St Helier;;;;;;;;;x
b_st_martin;St Martin;;;;;;;;;x
b_st_aubin;St Aubin;;;;;;;;;x
b_christ_church;Christ Church;;;;;;;;;x
b_st_peter_port;St Peter Port;;;;;;;;;x
b_st_sampson;St Sampson;;;;;;;;;x
b_la_fontenelle;La Fontenelle;;;;;;;;;x
b_grandes_rocques;Grandes Rocques;;;;;;;;;x
b_st_brelade;St Brelade;;;;;;;;;x
c_terschelling;Terschelling;;;;;;;;;x
c_terschelling_adj;Terscheller;;;;;;;;;x
b_terschelling;Terschelling;;;;;;;;;x
b_dellewal;Dellewal;;;;;;;;;x
b_midsland;Midsland;;;;;;;;;x
b_kaard;Kaard;;;;;;;;;x
b_halfweg;Halfweg;;;;;;;;;x
b_hollum;Hollum;;;;;;;;;x
b_ballum;Ballum;;;;;;;;;x
b_nes;Nes;;;;;;;;;x
b_tamanrasset;Tamanrasset;;;;;;;;;x
b_abalessa;Abalessa;;;;;;;;;x
b_silet;Silet;;;;;;;;;x
b_tit;Tit;;;;;;;;;x
b_amsel;Amsel;;;;;;;;;x
b_tahifet;Tahifet;;;;;;;;;x
b_ilamane;Ilamane;;;;;;;;;x
b_ghat;Ghat;;;;;;;;;x
b_djanet;Djanet;;;;;;;;;x
b_eferi;Eferi;;;;;;;;;x
b_alawenat;Alawenat;;;;;;;;;x
b_awbari;Awbari;;;;;;;;;x
b_germa;Germa;;;;;;;;;x
b_bordj;Bordj;;;;;;;;;x
b_ain_salah;Ain Salah;;;;;;;;;x
b_inghar;Inghar;;;;;;;;;x
b_foggaret;Foggaret;;;;;;;;;x
b_akabli;Akabli;;;;;;;;;x
b_aoulef;Aoulef;;;;;;;;;x
b_tawrirt;Tawrirt;;;;;;;;;x
b_timimoun;Timimoun;;;;;;;;;x
b_achemelmel;Achemelmel;;;;;;;;;x
b_tessalit;Tessalit;;;;;;;;;x
b_timiouine;Timiouine;;;;;;;;;x
b_boughessa;Boughessa;;;;;;;;;x
b_aguelhok;Aguelhok;;;;;;;;;x
b_badji;Badji;;;;;;;;;x
b_mokhtar;Moktar;;;;;;;;;x
b_faya_largeau;Faya Largeau;;;;;;;;;x
b_koro_toro;Koro Toro;;;;;;;;;x
b_fada;Fada;;;;;;;;;x
b_kebir;Kebir;;;;;;;;;x
b_Ounianga;Ounianga;;;;;;;;;x
b_deni;Deni;;;;;;;;;x
b_torou;Torou;;;;;;;;;x
b_bardai;Bardai;;;;;;;;;x
b_zoui;Zoui;;;;;;;;;x
b_bouro;Bouro;;;;;;;;;x
b_omchi;Omchi;;;;;;;;;x
b_omou;Omou;;;;;;;;;x
b_aouzou;Aouzou;;;;;;;;;x
b_tibesti;Tibesti;;;;;;;;;x
b_al_jawf_s;Al Jawf;;;;;;;;;x
b_wat;Wat;;;;;;;;;x
b_buzaymah;Buzaymah;;;;;;;;;x
b_tazirbu;Tazirbu;;;;;;;;;x
b_taj;Taj;;;;;;;;;x
b_maabus;Maabus;;;;;;;;;x
b_jali;Jali;;;;;;;;;x
b_awjilah;Awjilah;;;;;;;;;x
b_jakharrah;jakharrah;;;;;;;;;x
b_jakharrad;Jakarrad;;;;;;;;;x
b_jakharran;Jakharran;;;;;;;;;x
b_arafa;Arafa;;;;;;;;;x
b_jazeera;jazeera;;;;;;;;;x
b_al_sahrawa;Al sahrawa;;;;;;;;;x
b_abulim;Abulim;;;;;;;;;x
b_mahalla;Mahalla;;;;;;;;;x
b_zubasit;Zubasit;;;;;;;;;x
b_talkabous;Talkabous;;;;;;;;;x
b_quthana;Quthana;;;;;;;;;x
b_dedenpasa;Dedenpasa;;;;;;;;;x
d_adessida;Adessida;;;;;;;;;x
d_podolia;Podolia;;;;;;;;;x
LORD;Lord;;;;;;;;;x
k_andorra;Andorra;;;;;;;;;x
k_andorra_adj;Andorran;;;;;;;;;x
d_andorra;Andorra;;;;;;;;;x
d_andorra_adj;Andorran;;;;;;;;;x
b_andorra;Andorra;;;;;;;;;x
k_jan_mayen;Jan-Mayen;;;;;;;;;x
k_jan_mayen_adj;Jan-Mayenese;;;;;;;;;x
d_jan_mayen;Jan-Mayen;;;;;;;;;x
d_jan_mayen_adj;Jan-Mayenese;;;;;;;;;x
c_jan_mayen;Jan-Mayen;;;;;;;;;x
c_jan_mayen_adj;Jan-Mayenese;;;;;;;;;x
b_bjornbruka;Bjornbruka;;;;;;;;;x
b_barreby;Barreby;;;;;;;;;x
b_bernkulle;Bernkulle;;;;;;;;;x
b_arthurboja;Arthurboja;;;;;;;;;x
b_turinby;Turinby;;;;;;;;;x
b_berbruka;Berbruka;;;;;;;;;x
b_mahonkulle;Mahonkulle;;;;;;;;;x
k_tannu;Tannu;;;;;;;;;x
k_tannu_adj;Tannuan;;;;;;;;;x
k_yamalia;Yamalia;;;;;;;;;x
k_yamalia_adj;Yamalian;;;;;;;;;x
d_yamalia;Yamalia;;;;;;;;;x
d_yamalia_adj;Yamalian;;;;;;;;;x
c_jamalski;Jamalski;;;;;;;;;x
c_jamalski_adj;Jamalskian;;;;;;;;;x
b_seyakha;Seyakha;;;;;;;;;x
b_sberbank;Sberbank;;;;;;;;;x
b_bovanenkovo;Bovanenkovo;;;;;;;;;x
b_kharasavey;Kharasavey;;;;;;;;;x
b_sabetta;Sabetta;;;;;;;;;x
b_tambey;Tambey;;;;;;;;;x
b_yar-sale;Yar-sale;;;;;;;;;x
c_piuralski;Piuralski;;;;;;;;;x
c_piuralski_adj;Piuralskian;;;;;;;;;x
b_beloyarsk;beloyarsk;;;;;;;;;x
b_aksarka;aksarka;;;;;;;;;x
b_kharsaim;kharsaim;;;;;;;;;x
b_salekhard;salekhard;;;;;;;;;x
b_labytnangi;labytnangi;;;;;;;;;x
b_kharp;kharp;;;;;;;;;x
b_kutopyugan;kutopyugan;;;;;;;;;x
c_nadymski;Nadymski;;;;;;;;;x
c_nadymski_adj;Nadymskian;;;;;;;;;x
b_nadym;Nadym;;;;;;;;;x
b_pravokhettinskiy;Pravokhettinskiy;;;;;;;;;x
b_pangody;Pangody;;;;;;;;;x
b_zapolyarnyy;Zapolyarnyy;;;;;;;;;x
b_nyda;Nyda;;;;;;;;;x
b_numgi;Numgi;;;;;;;;;x
b_yamburg;Yamburg;;;;;;;;;x
d_khamansia;Gydania;;;;;;;;;x
d_khamansia_adj;Gydanian;;;;;;;;;x
c_sovetskiy;Sovetskiy;;;;;;;;;x
c_sovetskiy_adj;Sovetskian;;;;;;;;;x
b_patrasuy;Patrasuy;;;;;;;;;x
b_sartyn'ya;Sartyn'ya;;;;;;;;;x
b_sos'va;Sos'va;;;;;;;;;x
b_lombovozh;Lombovozh;;;;;;;;;x
b_saranpaul;Saranpaul;;;;;;;;;x
b_pripolyarnyy;Pripolyarnyy;;;;;;;;;x
b_khulimsunt;Khulimsunt;;;;;;;;;x
c_beloyarskiy;Beloyarskiy;;;;;;;;;x
c_beloyarskiy_adj;Beloyarskian;;;;;;;;;x
b_tegi;Tegi;;;;;;;;;x
b_ustrem;Ustrem;;;;;;;;;x
b_vanzevat;Vanzevat;;;;;;;;;x
b_deminskaya;Deminskaya;;;;;;;;;x
b_beryozovo;Beryozovo;;;;;;;;;x
b_polnovat;Poinovat;;;;;;;;;x
b_novinskaya;Novinskaya;;;;;;;;;x
c_kodinskiy;Kodinskiy;;;;;;;;;x
c_kodinskiy_adj;Kondinskian;;;;;;;;;x
b_sherkaly;Sherkaly;;;;;;;;;x
b_andra;Andra;;;;;;;;;x
b_priobye;Priobye;;;;;;;;;x
b_sergino;Sergino;;;;;;;;;x
b_sotnikovo;Sotnikovo;;;;;;;;;x
b_dachi;Dachi;;;;;;;;;x
b_nyagan;Nyagan;;;;;;;;;x
c_surgutskiy;Kargasorsk;;;;;;;;;x
c_surgutskiy_adj;Neftiugan;;;;;;;;;x
b_surgut;Kargasorsk;;;;;;;;;x
b_nefteyugansk;Nefteyugansk;;;;;;;;;x
b_singapay;Singapay;;;;;;;;;x
b_tundrino;Tundrino;;;;;;;;;x
b_poykovskiy;Poykovskiy;;;;;;;;;x
b_lempino;Lempino;;;;;;;;;x
b_sentyabrskiy;Sentyabrskiy;;;;;;;;;x
c_nizhnevartovskiy;Krasnoselkup;;;;;;;;;x
c_nizhnevartovskiy_adj;Krasnoselkupskiy;;;;;;;;;x
b_nizhnevartovsk;Krasnoselkup;;;;;;;;;x
b_severnyy;Severnyy;;;;;;;;;x
b_sosnina;Sosnina;;;;;;;;;x
b_bylino;Bylino;;;;;;;;;x
b_nazino;Nazino;;;;;;;;;x
b_vakhovsk;Vakhovsk;;;;;;;;;x
b_vata;Vata;;;;;;;;;x
k_krasnotomsk;Yeniseya;;;;;;;;;x
k_krasnotomsk_adj;Yeniseyan;;;;;;;;;x
d_tomsk;Surgut;;;;;;;;;x
d_tomsk_adj;Surgutian;;;;;;;;;x
c_kargasokskiy;Surgut;;;;;;;;;x
c_kargasokskiy_adj;Surgutian;;;;;;;;;x
b_novyy;Novy;;;;;;;;;x
b_vasyugan;Vasyugan;;;;;;;;;x
b_kolbasa;Kolbasa;;;;;;;;;x
b_anikino;Anikino;;;;;;;;;x
b_novy-tevris;Novy-tevris;;;;;;;;;x
b_sredny;Sredny;;;;;;;;;x
b_vasyugen;Vasyugen;;;;;;;;;x
c_parabelskiy;Parabelskiy;;;;;;;;;x
c_parabelskiy_adj;Nizhnevartovskiy;;;;;;;;;x
b_vertikos;Vertikos;;;;;;;;;x
b_ust-tym;Ust-tym;;;;;;;;;x
b_tymsk;Tymsk;;;;;;;;;x
b_kiyevskiy;Kiyevskiy;;;;;;;;;x
b_staraya;Staraya;;;;;;;;;x
b_berezovka;Berezovka;;;;;;;;;x
b_myldzhino;Myldzhino;;;;;;;;;x
c_bakcharskiy;Bakcharskiy;;;;;;;;;x
c_bakcharskiy_adj;Sterzhevian;;;;;;;;;x
b_kazaltsevo;kazaltsevo;;;;;;;;;x
b_kindal;Kindal;;;;;;;;;x
b_kargasok;Kargasok;;;;;;;;;x
b_staroyugino;staroyugino;;;;;;;;;x
b_vostok;Vostok;;;;;;;;;x
b_bondarka;Bondarka;;;;;;;;;x
b_pavlovo;Pavlovo;;;;;;;;;x
c_verkhneketskiy;Verkhneketskiy;;;;;;;;;x
c_verkhneketskiy_adj;Vertkneketskian;;;;;;;;;x
b_taynoye;Taynoye;;;;;;;;;x
b_palochka;Palochka;;;;;;;;;x
b_beloyarskoye;Beloyarskoye;;;;;;;;;x
b_klyukvinka;Klyukvinka;;;;;;;;;x
b_stepanovka;Stepanovka;;;;;;;;;x
b_maksimkin;Maksimkin;;;;;;;;;x
b_druzhnyy;Druzhnyy;;;;;;;;;x
c_asinovskiy;Asinovskiy;;;;;;;;;x
c_asinovskiy_adj;Kolpachevan;;;;;;;;;x
b_tomsk;Tomsk;;;;;;;;;x
b_volodino;Volodino;;;;;;;;;x
b_kargala;Kargala;;;;;;;;;x
b_batkat;Batkat;;;;;;;;;x
b_rassvet;Rassvet;;;;;;;;;x
b_mullova;Mullova;;;;;;;;;x
b_yar;Yar;;;;;;;;;x
d_krasnoyarsk;Sym-Chulyam;;;;;;;;;x
d_krasnoyarsk_adj;Sym-Chulym;;;;;;;;;x
c_ermakovskiy;Ermakovskiy;;;;;;;;;x
c_ermakovskiy_adj;Asinovskian;;;;;;;;;x
b_abakan;Abakan;;;;;;;;;x
b_minusinsk;Minusinsk;;;;;;;;;x
b_gorodok;Gorodok;;;;;;;;;x
b_sineborsk;Sineborsk;;;;;;;;;x
b_zherlyk;Zherlyk;;;;;;;;;x
b_tes;Tes;;;;;;;;;x
b_idzha;Idzha;;;;;;;;;x
c_balakhtinskiy;Balakhtinskiy;;;;;;;;;x
c_balakhtinskiy_adj;Pervomayskiy;;;;;;;;;x
b_krasnoyarsk;Krasnoyarsk;;;;;;;;;x
b_bakhta;Bakhta;;;;;;;;;x
b_kuskun;Kuskun;;;;;;;;;x
b_magansk;Magansk;;;;;;;;;x
b_byar;Byar;;;;;;;;;x
b_berjosowka;Berjosowka;;;;;;;;;x
b_beret';Beret';;;;;;;;;x
c_irbeyskiy;Irbeyskiy;;;;;;;;;x
c_irbeyskiy_adj;Teguldetan;;;;;;;;;x
b_zharovsk;Zharovsk;;;;;;;;;x
b_mechta;Mechta;;;;;;;;;x
b_verkhniy;Verkhniy;;;;;;;;;x
b_kuzhebar;Kuzhebar;;;;;;;;;x
b_tanzybey;Tanzybey;;;;;;;;;x
b_osnovnaya;Osnovnaya;;;;;;;;;x
b_mozharka;Mozharka;;;;;;;;;x
c_achinskiy;Achinskiy;;;;;;;;;x
c_achinskiy_adj;Achinskian;;;;;;;;;x
b_achinsk;Achinsk;;;;;;;;;x
b_bogotol;Bogotol;;;;;;;;;x
b_altat;Altat;;;;;;;;;x
b_nazarovo;Nazarovo;;;;;;;;;x
b_tyukhtet;Tyukhtet;;;;;;;;;x
b_yershovo;Yershovo;;;;;;;;;x
b_ilinka;Ilinka;;;;;;;;;x
c_eninseyskiy;Eninseyskiy;;;;;;;;;x
c_eninseyskiy_adj;Raduzhnian;;;;;;;;;x
b_vorogovo;Vorogovo;;;;;;;;;x
b_bor;Bor;;;;;;;;;x
b_podkamennaya;Podkamennaya;;;;;;;;;x
b_tunguska;Tunguska;;;;;;;;;x
b_sulomay;Sulomay;;;;;;;;;x
b_kellog;Kellog;;;;;;;;;x
b_mirnoye;Mirnoye;;;;;;;;;x
d_evenkia;Ketovia;;;;;;;;;x
d_evenkia_adj;Ketovian;;;;;;;;;x
c_motyginskiy;Motyginskiy;;;;;;;;;x
c_motyginskiy_adj;Motyginskian;;;;;;;;;x
b_lesosibirsk;Lesosibirsk;;;;;;;;;x
b_strelka;Strelka;;;;;;;;;x
b_novokargino;Novokargino;;;;;;;;;x
b_abalakovo;Abalakovo;;;;;;;;;x
b_tatarka;Tatarka;;;;;;;;;x
b_novoangarsk;Novoangarsk;;;;;;;;;x
b_baykal;Baykal;;;;;;;;;x
c_boguchanskiy;Boguchanskiy;;;;;;;;;x
c_boguchanskiy_adj;Boguchanskian;;;;;;;;;x
b_tagara;Tagara;;;;;;;;;x
b_zaledeyevo;Zaledeyevo;;;;;;;;;x
b_govorkovo;Govorkovo;;;;;;;;;x
b_kodinsk;Kodinsk;;;;;;;;;x
b_bolturino;Bolturino;;;;;;;;;x
b_irba;Irba;;;;;;;;;x
b_kezhma;Keshma;;;;;;;;;x
c_severo;Severo;;;;;;;;;x
c_severo_adj;Severoan;;;;;;;;;x
b_podtesovo;Podtesovo;;;;;;;;;x
b_katayga;Katayga;;;;;;;;;x
b_ust'-pit;Ust'-pit;;;;;;;;;x
b_shishmarevo;Shishmarevo;;;;;;;;;x
b_bryanka;Bryanka;;;;;;;;;x
b_pit-gorodok;Pit-gorodok;;;;;;;;;x
b_yeruda;Yeruda;;;;;;;;;x
c_tungussko;Tungussko;;;;;;;;;x
c_tungussko_adj;Tungusskoan;;;;;;;;;x
b_tungussko;Tungussko;;;;;;;;;x
b_kislokan;Kislokan;;;;;;;;;x
b_nidym;Nidym;;;;;;;;;x
b_tura;Tura;;;;;;;;;x
b_inarigda;Inarigda;;;;;;;;;x
b_nakanno;Nakanno;;;;;;;;;x
b_yerbogachen;Yerbogachen;;;;;;;;;x
c_baykitskiy;Baykitskiy;;;;;;;;;x
c_baykitskiy_adj;Baykitskian;;;;;;;;;x
b_baykit;Baykit;;;;;;;;;x
b_volochanka;Volochanka;;;;;;;;;x
b_katyryk;Katyryk;;;;;;;;;x
b_kheta;Kheta;;;;;;;;;x
b_kresty;Kresty;;;;;;;;;x
b_chatanga;Chatanga;;;;;;;;;x
b_chirinda;Chirinda;;;;;;;;;x
d_taymyria;Taymyria;;;;;;;;;x
d_taymyria_adj;Taymyrian;;;;;;;;;x
c_idrinskiy;Idrinskiy;;;;;;;;;x
c_idrinskiy_adj;Kogalymian;;;;;;;;;x
b_ratta;Ratta;;;;;;;;;x
b_kikkiakki;Kikkiakki;;;;;;;;;x
b_tolka;Tolka;;;;;;;;;x
b_noginsk;Noginsk;;;;;;;;;x
b_krasnosel'kup;Krasnosel'kup;;;;;;;;;x
b_yanov;Yanov;;;;;;;;;x
b_sidorovsk;Sidorovsk;;;;;;;;;x
c_igarka;Igarka;;;;;;;;;x
c_igarka_adj;Noyabrsk;;;;;;;;;x
b_igarka ;Noyabrsk;;;;;;;;;x
b_sovetskaya;Sovetskaya;;;;;;;;;x
b_yermakovo;Yermakovo;;;;;;;;;x
b_staroturukhansk;Staroturukhansk;;;;;;;;;x
b_turukhansk;Turukhansk;;;;;;;;;x
b_bograda;Bograda;;;;;;;;;x
b_polyatnaya;Polyatnaya;;;;;;;;;x
c_turukhanskiy;Turukhanskiy;;;;;;;;;x
c_turukhanskiy_adj;Turukhanskian;;;;;;;;;x
b_rechka;Rechka;;;;;;;;;x
b_snezhnogorsk;Snezhnogorsk;;;;;;;;;x
b_kayerkan;Kayerkan;;;;;;;;;x
b_valok;valok;;;;;;;;;x
b_talnakh;Talnakh;;;;;;;;;x
b_norilsk;Norilsk;;;;;;;;;x
b_nadezhda;Nadezhda;;;;;;;;;x
c_dudinka;Dudinka;;;;;;;;;x
c_dudinka_adj;Dudinkan;;;;;;;;;x
b_dudinka;Dudinka;;;;;;;;;x
b_levinskiye;Levinskiye;;;;;;;;;x
b_peski;Peski;;;;;;;;;x
b_ust'-Port;Ust'-Port;;;;;;;;;x
b_tukhard;Tukhard;;;;;;;;;x
b_kazantsevo;Kazantsevo;;;;;;;;;x
b_karaul;Karaul;;;;;;;;;x
c_ilimpiyskiy;Ilimpiyskiy;;;;;;;;;x
c_ilimpiyskiy_adj;Ilimpiyskian;;;;;;;;;x
b_nosok;Nosok;;;;;;;;;x
b_munguy;Munguy;;;;;;;;;x
b_baykalovsk;baykalovsk;;;;;;;;;x
b_vorontsovo;Vorontsovo;;;;;;;;;x
b_leskino;Leskino;;;;;;;;;x
b_dikson;Dikson;;;;;;;;;x
b_ust'-avam;Ust'-avam;;;;;;;;;x
k_macedonia;Macedonia;;;;;;;;;x
k_macedonia_adj;Macedonian;;;;;;;;;x
k_wolgadeutschland;Kasachdeutschland;;;;;;;;;x
k_wolgadeutschland_adj;Kasachdeutsche;;;;;;;;;x
k_north_mongolia;North Mongolia;;;;;;;;;x
k_north_mongolia_adj;Northern Mongolian;;;;;;;;;x
d_west_irkutsk;West Irkutsk;;;;;;;;;x
d_west_irkutsk_adj;West Irkutskan;;;;;;;;;x
c_tayshet;Tayshet;;;;;;;;;x
c_tayshet_adj;Tayshetan;;;;;;;;;x
b_tayshet;Taseev;;;;;;;;;x
b_arzhan;Arzhan;;;;;;;;;x
b_turan;Turan;;;;;;;;;x
b_sevi;Sevi;;;;;;;;;x
b_toora;Toora;;;;;;;;;x
b_khem;Khem;;;;;;;;;x
b_azas;Azas;;;;;;;;;x
c_chunskiy;Chunskiy;;;;;;;;;x
c_chunskiy_adj;Kodinskian;;;;;;;;;x
b_chunsk;Chunsk;;;;;;;;;x
b_mimyy;Mimyy;;;;;;;;;x
b_cherchet;Cherchet;;;;;;;;;x
b_volnistyy;Volnistyy;;;;;;;;;x
b_pokateyevo;Pokateyevo;;;;;;;;;x
b_gorevaya;Gorevaya;;;;;;;;;x
b_chunoyar;Chunoyar;;;;;;;;;x
c_nizhneudinskiy;Nizhneudinskiy;;;;;;;;;x
c_nizhneudinskiy_adj;Nizhneudinskian;;;;;;;;;x
b_nizhneudinsk;Ustudinsk;;;;;;;;;x
b_zamzor;Zamzor;;;;;;;;;x
b_kamyshet;Kamyshet;;;;;;;;;x
b_uk;Uk;;;;;;;;;x
b_ukar;Ukar;;;;;;;;;x
b_urya;Urya;;;;;;;;;x
b_yelanka;Yelanka;;;;;;;;;x
c_nzheillimskiy;Nzheillimskiy;;;;;;;;;x
c_nzheillimskiy_adj;Bratskian;;;;;;;;;x
b_nzheillimsk;Bras;;;;;;;;;x
b_sharagay;Sharagay;;;;;;;;;x
b_kumareyka;Kumareyka;;;;;;;;;x
b_klyuchi;Klyuchi;;;;;;;;;x
b_atalanka;Atalanka;;;;;;;;;x
b_karda;Karda;;;;;;;;;x
b_chistyy;Chistyy;;;;;;;;;x
d_east_irkutsk;East Irkutsk;;;;;;;;;x
d_east_irkutsk_adj;Eastern Irkutskan;;;;;;;;;x
c_katangskiy;Katangskiy;;;;;;;;;x
c_katangskiy_adj;Katangskian;;;;;;;;;x
b_katangsk;Katangsk;;;;;;;;;x
b_novoselova;Novoselova;;;;;;;;;x
b_nazarovo;Nazarovo;;;;;;;;;x
b_markovo;Markovo;;;;;;;;;x
b_kirensk;Kirensk;;;;;;;;;x
b_nikolsk;Nikolsk;;;;;;;;;x
b_nikulina;Nikulina;;;;;;;;;x
c_zalarinskiy;Zalarinskiy;;;;;;;;;x
c_zalarinskiy_adj;Tayshetian;;;;;;;;;x
b_zalarinsk;Zalarinsk;;;;;;;;;x
b_khinguy;Khinguy;;;;;;;;;x
b_kaduy;Kaduy;;;;;;;;;x
b_daur;Daur;;;;;;;;;x
b_vershina;Vershina;;;;;;;;;x
b_marga;Marga;;;;;;;;;x
b_irgey;Irgey;;;;;;;;;x
c_siyudyanskiy;Irkutsk;;;;;;;;;x
c_siyudyanskiy_adj;Irkutskian;;;;;;;;;x
b_siyudyansk;Irkutsk;;;;;;;;;x
b_irkutsk;Irkutsk;;;;;;;;;x
b_gornyy;Gornyy;;;;;;;;;x
b_angara;Angara;;;;;;;;;x
b_meget;Meget;;;;;;;;;x
b_angarsk;Angarsk;;;;;;;;;x
b_ivanovka;Ivanovka;;;;;;;;;x
c_lensk;Hoyto Baygalian;;;;;;;;;x
c_lensk_adj;Lenskian;;;;;;;;;x
b_lensk;Lensk;;;;;;;;;x
b_tarasovo;Tarasovo;;;;;;;;;x
b_nebel;Nebel;;;;;;;;;x
b_niya;Niya;;;;;;;;;x
b_omoloy;Omoloy;;;;;;;;;x
b_turuka;Turuka;;;;;;;;;x
b_ustkut;Uskut;;;;;;;;;x
c_zhigalovskiy;Zhigalovskiy;;;;;;;;;x
c_zhigalovskiy_adj;Zhigalovskian;;;;;;;;;x
b_zhigalovsk;Zhigalovsk;;;;;;;;;x
b_tynkob;Tynkob;;;;;;;;;x
b_oktyabrsk;Oktyabrsk;;;;;;;;;x
b_khvoynyy;Khvoynyy;;;;;;;;;x
b_naratay;Naratay;;;;;;;;;x
b_zaval;Zaval;;;;;;;;;x
b_panagino;Panagino;;;;;;;;;x
c_kachugsk;Kachugsk;;;;;;;;;x
c_kachugsk_adj;Olhonian;;;;;;;;;x
b_kachugsk;Ol;;;;;;;;;x
b_kharbatovo;Kharbatovo;;;;;;;;;x
b_iset;Iset;;;;;;;;;x
b_anga;Anga;;;;;;;;;x
b_korsukova;Korsukova;;;;;;;;;x
b_zalog;Zalog;;;;;;;;;x
b_sheina;sheina;;;;;;;;;x
d_buryatia;Buryatia;;;;;;;;;x
d_buryatia_adj;Buryatian;;;;;;;;;x
c_pribaykalsk;Pribaykalsk;;;;;;;;;x
c_pribaykalsk_adj;Pribaykalskian;;;;;;;;;x
b_pribaykalsk;Pribaykalsk;;;;;;;;;x
b_vydrino;Vydrino;;;;;;;;;x
b_tankhoy;Tankhoy;;;;;;;;;x
b_bayangol;Bayangol;;;;;;;;;x
b_istok;Istok;;;;;;;;;x
b_oymur;Oymur;;;;;;;;;x
b_kudara;Kudara;;;;;;;;;x
c_bichurskiy;Bichurskiy;;;;;;;;;x
c_bichurskiy_adj;Bichurskian;;;;;;;;;x
b_bichursk;Bichurski;;;;;;;;;x
b_povorot;Povorot;;;;;;;;;x
b_selenduma;Selenduma;;;;;;;;;x
k_canarias;Canarias;;;;;;;;;x
k_canarias_adj;Canarian;;;;;;;;;x
d_canarias;Canarias;;;;;;;;;x
d_canarias_adj;Canarian;;;;;;;;;x
b_dzhida;Dzhida;;;;;;;;;x
b_borgoy;Borgoy;;;;;;;;;x
b_khyagt;Khyagt;;;;;;;;;x
b_bilyutay;Bilyutay;;;;;;;;;x
c_yeravninskiy;Yeravninskiy;;;;;;;;;x
c_yeravninskiy_adj;Yeravninskian;;;;;;;;;x
b_yeravninsk;Yeravninsk;;;;;;;;;x
b_chita;New Chita;;;;;;;;;x
b_tasey;tasey;;;;;;;;;x
b_podvolok;Podvolok;;;;;;;;;x
b_darasun;Darasun;;;;;;;;;x
b_gorny;Gorny;;;;;;;;;x
b_usugli;Usugli;;;;;;;;;x
c_muyskiy;Muyskiy;;;;;;;;;x
c_muyskiy_adj;Muyskian;;;;;;;;;x
b_muysk;Muysk;;;;;;;;;x
b_severobaykalsk;Sverobaykalsk;;;;;;;;;x
b_nizhneangarsk;Nizhneangarsk;;;;;;;;;x
b_angoya;Angoya;;;;;;;;;x
b_kichera;Kichera;;;;;;;;;x
b_kumora;Kumora;;;;;;;;;x
b_novyuoyan;Novyuoyan;;;;;;;;;x
e_greater_mongolia;Greater Mongolia;;;;;;;;;x
e_greater_mongolia_adj;Greater Mongolian;;;;;;;;;x
e_macedonia;Makedon;;;;;;;;;x
e_macedonia_adj;Makedonian;;;;;;;;;x
PROV2104;Lesosib;;;;;;;;;x
c_lesosib_adj;Lesosibiran;;;;;;;;;x
b_lesosib_mon;Lesosib;;;;;;;;;x
b_eniseysk_mon;Eniseysk;;;;;;;;;x
b_abalakovo_mon;Abalakovo;;;;;;;;;x
b_podtesovo_mon;Podtesovo;;;;;;;;;x
b_strelka_mon;Strelka;;;;;;;;;x
b_yalan_mon;Yalan;;;;;;;;;x
b_novocargino_mon;Novocargino;;;;;;;;;x
PROV2105;Motyga;;;;;;;;;x
c_motyga_adj;Motygan;;;;;;;;;x
b_motygino_mon;Motygino;;;;;;;;;x
b_razdolinsk_mon;Razdolinsk;;;;;;;;;x
b_vangash_mon;Vagash;;;;;;;;;x
b_kalami_mon;Kalami;;;;;;;;;x
b_pit_gorodo_monk;Pit Gorodok;;;;;;;;;x
b_brianla_mon;Brianla;;;;;;;;;x
b_vangash_mon;Vangash;;;;;;;;;x
PROV2106;Kezhemsk;;;;;;;;;x
c_kezhemsk_adj;Kezhemi;;;;;;;;;x 
b_kezhemsk_mon;Kezhemsk;;;;;;;;;x
b_kodinsk_mon;Kodinsk;;;;;;;;;x
b_zaldeevo_mon;Zaldeevo;;;;;;;;;x
b_irba_mon;Irba;;;;;;;;;x
b_nedokura_mon;Nedokura;;;;;;;;;x
b_tagara_mon;Tagara;;;;;;;;;x
b_yarkino_mon;Yarkino;;;;;;;;;x
PROV2107;Kirensk;;;;;;;;;x
c_kirensk_adj;Kirenskian;;;;;;;;;x 
b_kirensk_mon;Kirensk;;;;;;;;;x
b_alikseevsk_mon;Alikseevsk;;;;;;;;;x
b_makaravo_mon;Makarovo;;;;;;;;;x
b_alymovka_mon;Alymovka;;;;;;;;;x
b_jubiley_mon;Jubiley;;;;;;;;;x
b_bubnovka_mon;Bubnovka;;;;;;;;;x
b_krivaya_luka_mon;Krivaya Luka;;;;;;;;;x
PROV2108;Bodaybo;;;;;;;;;x
c_bodaybo_adj;Bodayban;;;;;;;;;x
b_bodaybo_mon;Bodaybo;;;;;;;;;x
b_mamakan_mon;Mamakan;;;;;;;;;x
b_artimovskiy_mon;Artimovskiy;;;;;;;;;x
b_balahninskiy_mon;Balahninskiy;;;;;;;;;x
b_kropotkin_mon;Kropotkin;;;;;;;;;x
b_perevos_mon;Perevoz;;;;;;;;;x
b_aprelsk_mon;Aprelsk;;;;;;;;;x
PROV2109;Oliohum;;;;;;;;;x
c_oliohum_adj;Oliohuman;;;;;;;;;x
b_oliomkinsk_mon;Oliomkinsk;;;;;;;;;x
b_tokko_mon;Tokko;;;;;;;;;x
b_neriuktianinsk_mon;Neriuktianinsk;;;;;;;;;x
b_kyllah_mon;Kyllah;;;;;;;;;x
b_abaha_mon;Abaha;;;;;;;;;x
b_ankiur_mon;Ankiur;;;;;;;;;x
b_chapaevo_mon;Chapaevo;;;;;;;;;x
PROV2110;Kalar;;;;;;;;;x
c_kalar_adj;Kalari;;;;;;;;;x
b_kalar_mon;Kalar;;;;;;;;;x
b_chara_mon;Chara;;;;;;;;;x
b_new_chara_mon;New Chara;;;;;;;;;x
b_kuanda_mon;Kuanda;;;;;;;;;x
b_ikabia_mon;Ikabia;;;;;;;;;x
b_chapo_oloho_mon;Chapo Oloho;;;;;;;;;x
b_dagopchan_mon;Dagopchan;;;;;;;;;x
PROV2111;Chernysh;;;;;;;;;x
c_chernysh_adj;Chernyshian;;;;;;;;;x
b_chernyshevsk_mon;Chernyhevsk;;;;;;;;;x
b_zhirken_mon;Zhirken;;;;;;;;;x
b_zilov_mon;Zilov;;;;;;;;;x
b_bukachacha_mon;Bukachacha;;;;;;;;;x
b_utan_mon;Utan;;;;;;;;;x
b_aleur_mon;Aleur;;;;;;;;;x
b_baygul_mon;Baygul;;;;;;;;;x
PROV2112;Ozersk;;;;;;;;;x
c_ozersk_adj;Ozerskian;;;;;;;;;x
b_ozersk_mon;Ozersk;;;;;;;;;x
b_mozhayka_mon;Mozhayka;;;;;;;;;x
b_telemba_mon;Telemba;;;;;;;;;x
b_uldruga_mon;Uldruga;;;;;;;;;x
b_hunda_mon;Hunda;;;;;;;;;x
b_ust_ehita_mon;Ust Ehita;;;;;;;;;x
b_isinga_mon;Isinga;;;;;;;;;x
PROV2113;Chita;;;;;;;;;x
c_chita_adj;Chitan;;;;;;;;;x
b_chita_mon;Chita;;;;;;;;;x
b_atamanovka_mon;Atamanovka;;;;;;;;;x
b_novokruch_mon;Novokruch;;;;;;;;;x
b_domna_mon;Domna;;;;;;;;;x
b_smolenka_mon;Smolenka;;;;;;;;;x
b_zasopka_mon;Zasopka;;;;;;;;;x
b_makkaveevo_mon;Makkaveevo;;;;;;;;;x
d_chita;Chita;;;;;;;;;x
d_chita_adj;Chitan;;;;;;;;;x
d_vitim;Vitim;;;;;;;;;x
d_vitim_adj;Vitiman;;;;;;;;;x
d_north_aegean_islands;North Aegean Islands;;;;;;;;;x
d_south_aegean_islands;South Aegean Islands;;;;;;;;;x
d_rhodos;Rhodos;;;;;;;;;x
d_north_aegean_islands_adj;North Aegean;;;;;;;;;x
d_south_aegean_islands_adj;South Aegean;;;;;;;;;x
d_rhodos_adj;Rhodian;;;;;;;;;x
c_kos_adj;Kosian;;;;;;;;;x
b_kos;Kos;;;;;;;;;x
b_symi;Symi;;;;;;;;;x
b_tilos;Tilos;;;;;;;;;x
b_giali;Giali;;;;;;;;;x
b_pachia;Pachia;;;;;;;;;x
b_mandraki;Mandraki;;;;;;;;;x
b_kefalos;Kefalos;;;;;;;;;x
b_pili;Pili;;;;;;;;;x
c_kythera_adj;Kytherian;;;;;;;;;x
b_kythera;Kythera;;;;;;;;;x
b_pelagia;Pelagia;;;;;;;;;x
b_fratsia;Fratsia;;;;;;;;;x
b_dokana;Dokana;;;;;;;;;x
b_diakofti;Diakofti;;;;;;;;;x
b_kapsali;Kapsali;;;;;;;;;x
b_kalamos;Kalamos;;;;;;;;;x
b_livadi;Livadi;;;;;;;;;x
b_aliki;Aliki;;;;;;;;;x
b_vivlos;Vivlos;;;;;;;;;x
c_adamantas_adj;Adamantian;;;;;;;;;x
b_adamantas;Adamantas;;;;;;;;;x
b_sifnos;Sifnos;;;;;;;;;x
b_kimolos;Kimolos;;;;;;;;;x
b_poliegos;Poliegos;;;;;;;;;x
b_antimilos;Antimilos;;;;;;;;;x
b_plaka;Plaka;;;;;;;;;x
b_zefiria;Zefiria;;;;;;;;;x
b_kanava;Kanava;;;;;;;;;x
c_santorini_adj;Santorinian;;;;;;;;;x
b_santorini;Santorini;;;;;;;;;x
b_kamari;Kamari;;;;;;;;;x
b_oia;Oia;;;;;;;;;x
b_akrotiri;Akrotiri;;;;;;;;;x
b_vlichada;Vlichada;;;;;;;;;x
b_emporio;Emporio;;;;;;;;;x
b_anafi;Anafi;;;;;;;;;x
b_alopronia;Alopronia;;;;;;;;;x
c_kea_adj;Kean;;;;;;;;;x
b_kea;Kea;;;;;;;;;x
b_ioulis;Ioulis;;;;;;;;;x
b_coressia;Coressia;;;;;;;;;x
b_marades;Marades;;;;;;;;;x
b_melissaki;Melissaki;;;;;;;;;x
b_kithnos;Kithnos;;;;;;;;;x
b_aosa;Aosa;;;;;;;;;x
b_kythnou;Kythnou;;;;;;;;;x
c_andros_adj;Andrian;;;;;;;;;x
b_andros;Andros;;;;;;;;;x
b_moni;Moni;;;;;;;;;x
b_mpatsi;Mpatsi;;;;;;;;;x
b_kipri;Kipri;;;;;;;;;x
b_gavrio;Gavrio;;;;;;;;;x
b_arni;Arni;;;;;;;;;x
b_mesaria;Mesaria;;;;;;;;;x
b_korthio;Korthio;;;;;;;;;x
c_samos_adj;Samian;;;;;;;;;x
b_samos;Samos;;;;;;;;;x
b_pirgos;Pirgos;;;;;;;;;x
b_platanos;Platanos;;;;;;;;;x
b_potami;Potami;;;;;;;;;x
b_drakei;Drakei;;;;;;;;;x
b_avanti;Avanti;;;;;;;;;x
b_mitilinii;Mitilinii;;;;;;;;;x
b_chora;Chora;;;;;;;;;x
c_limnos_adj;Limnian;;;;;;;;;x
b_limnos;Limnos;;;;;;;;;x
b_myrina;Myrina;;;;;;;;;x
b_kornos;Kornos;;;;;;;;;x
b_atsiki;Atsiki;;;;;;;;;x
b_varos;Varos;;;;;;;;;x
b_kontias;Kontias;;;;;;;;;x
b_kalliopi;Kalliopi;;;;;;;;;x
b_kaminia;Kaminia;;;;;;;;;x
d_malta;Malta;;;;;;;;;x
d_malta_adj;Maltese;;;;;;;;;x
c_gibraltar;Gibraltar;;;;;;;;;x
c_gibraltar_adj;Gibraltian;;;;;;;;;x
b_gibraltar;Gibraltar;;;;;;;;;x
b_sandpits;Sandpits;;;;;;;;;x
b_townside;Townside;;;;;;;;;x
b_northside;Northside;;;;;;;;;x
b_southside;Southside;;;;;;;;;x
b_eastside;Eastside;;;;;;;;;x
b_concepcion;Concepcion;;;;;;;;;x
b_oharas;Charas;;;;;;;;;x
b_zahara;Zahara;;;;;;;;;x
b_naxxar;Naxxar;;;;;;;;;x
c_pantelleria;Pantelleria;;;;;;;;;x
c_pantelleria_adj;Pantellerian;;;;;;;;;x
b_pantelleria;Pantelleria;;;;;;;;;x
b_scauri;Scauri;;;;;;;;;x
b_tracino;Tracino;;;;;;;;;x
b_campobello;Campobello;;;;;;;;;x
b_gadir;Gadir;;;;;;;;;x
b_martingana;Martingana;;;;;;;;;x
b_rekhale;Rekhale;;;;;;;;;x
b_penna;Penna;;;;;;;;;x
b_bonsulton;Bonsulton;;;;;;;;;x
c_gozo;Gozo;;;;;;;;;x
c_gozo_adj;Gozoan;;;;;;;;;x
b_victoria;Victoria;;;;;;;;;x
b_ghajnsielem;Ghajnsielem;;;;;;;;;x
b_xewkija;Xewkija;;;;;;;;;x
b_munxar;Munxar;;;;;;;;;x
b_gharb;Gharb;;;;;;;;;x
b_san_lawrenz;San Lawrenz;;;;;;;;;x
b_nadur;Nadur;;;;;;;;;x
b_xaghra;Xaghra;;;;;;;;;x
b_qala;Qala;;;;;;;;;x
c_ibiza;Ibiza;;;;;;;;;x
c_ibiza_adj;Ibizan;;;;;;;;;x
b_ibiza;Ibiza;;;;;;;;;x
b_sant_josep;St Josep;;;;;;;;;x
b_cubells;Cubells;;;;;;;;;x
b_sant_antoni;St Antoni;;;;;;;;;x
b_talamanca;Talamanca;;;;;;;;;x
b_siesta;Siesta;;;;;;;;;x
b_sant_francesc;St Francesc;;;;;;;;;x
b_formentera;Formentera;;;;;;;;;x
c_korcula;Korcula;;;;;;;;;x
c_korcula_adj;Korculan;;;;;;;;;x
b_korcula;Korcula;;;;;;;;;x
b_blato;Blato;;;;;;;;;x
b_zrnovo;Zrnovo;;;;;;;;;x
b_loviste;Loviste;;;;;;;;;x
b_viganj;Viganj;;;;;;;;;x
b_stankovici;Stankovic;;;;;;;;;x
b_pomena;Pomena;;;;;;;;;x
b_milna;Milna;;;;;;;;;x
c_hvar;Hvar;;;;;;;;;x
c_hvar_adj;Hvaran;;;;;;;;;x
b_sutivan;Sutivan;;;;;;;;;x
b_bol;Bol;;;;;;;;;x
b_sumartin;Sumartin;;;;;;;;;x
b_novo_selo;Novo Selo;;;;;;;;;x
b_praznica;Praznica;;;;;;;;;x
b_pucisca;Pucisca;;;;;;;;;x
b_supetar;Supetar;;;;;;;;;x
b_komiza;Komiza;;;;;;;;;x
c_goidheo;Goidheo;;;;;;;;;x
c_goidheo_adj;Goidheon;;;;;;;;;x
b_goidheo;Goidheo;;;;;;;;;x
b_fehendhoo;Fehendhoo;;;;;;;;;x
b_fulhadhoo;Fulhadhoo;;;;;;;;;x
b_hithaadhoo;Hithaadhoo;;;;;;;;;x
b_kanifushi;Kanifushi;;;;;;;;;x
b_medhufinolhu;Medhufinolhu;;;;;;;;;x
b_thulhaadhoo;Thulhaadhoo;;;;;;;;;x
c_faodhippolhu;Faodhippolhu;;;;;;;;;x
c_faodhippolhu_adj;Faodhippolhuan;;;;;;;;;x
b_faodhippolhu;Faodhippolhu;;;;;;;;;x
b_kurendhoo;Kurendhoo;;;;;;;;;x
b_olhuvelifushi;Olhuvelifushi;;;;;;;;;x
b_maabinhuraa;Maabinhuraa;;;;;;;;;x
b_innahuraa;Innahuraa;;;;;;;;;x
b_madhiriguraidhoo;Madhirigutaidhoo;;;;;;;;;x
b_kuredhdhoo;Kuredhdoo;;;;;;;;;x
c_ari;Ari;;;;;;;;;x
c_ari_adj;Arian;;;;;;;;;x
b_ari;Ari;;;;;;;;;x
b_himandhoo;Himandhoo;;;;;;;;;x
b_maalhos;Maalhos;;;;;;;;;x
b_feridhoo;Feridhoo;;;;;;;;;x
b_mathiveri;Mathiveri;;;;;;;;;x
b_bodufolhudhoo;Bodufolhudhoo;;;;;;;;;x
b_ukulhas;Ukulhas;;;;;;;;;x
c_male;Male';;;;;;;;;x
c_male_adj;Male'an;;;;;;;;;x
b_male;Male';;;;;;;;;x
b_villingili;Villingili;;;;;;;;;x
b_gulhi_falhu;Gulhi Falhu;;;;;;;;;x
b_thilafushi;Thilafushi;;;;;;;;;x
b_hulhule;Hulhule;;;;;;;;;x
b_kaafu;Kaafu;;;;;;;;;x
b_farukolhufushi;Farukolhufushi;;;;;;;;;x
c_krk;Krk;;;;;;;;;x
c_krk_adj;Krkn;;;;;;;;;x
b_krk;Krk;;;;;;;;;x
b_punat;Punat;;;;;;;;;x
b_baska;Baska;;;;;;;;;x
b_stara;Stara;;;;;;;;;x
b_cres;Cres;;;;;;;;;x
b_porozina;Porozina;;;;;;;;;x
b_malinska;Malinska;;;;;;;;;x
b_valun;Valun;;;;;;;;;x
c_oleron;Oleron;;;;;;;;;x
c_oleron_adj;Oleronan;;;;;;;;;x
b_oleron;Oleron;;;;;;;;;x
b_loix;Loix;;;;;;;;;x
b_plage;Plage;;;;;;;;;x
b_chateau;Chateau;;;;;;;;;x
b_dolus;Dolus;;;;;;;;;x
b_st_georges;St Georges;;;;;;;;;x
b_st_denis;St Denis;;;;;;;;;x
b_st_clement;St Clement;;;;;;;;;x
c_belle_ile;Belle Ile;;;;;;;;;x
c_belle_ile_adj;Bellean;;;;;;;;;x
b_port_halan;Port Halan;;;;;;;;;x
b_pontorgo;Pontorgo;;;;;;;;;x
b_brute;Brute;;;;;;;;;x
b_bordustart;Bordustart;;;;;;;;;x
b_kersablen;Kersablen;;;;;;;;;x
b_kerdenet;Kerdenet;;;;;;;;;x
b_borfloc'h;Borfloc'h;;;;;;;;;x
c_scilly;Scilly;;;;;;;;;x
c_scilly_adj;Scillian;;;;;;;;;x
b_longstone;Longstone;;;;;;;;;x
b_hugh_town;Hugh Town;;;;;;;;;x
b_porthloo;Porthloo;;;;;;;;;x
b_old_town;Old Town;;;;;;;;;x
b_st_agnes;St Agnes;;;;;;;;;x
b_tresco;Tresco;;;;;;;;;x
b_lower_town;Lower Town;;;;;;;;;x
b_middle_town;Middle Town;;;;;;;;;x
c_aran_islands;Aran Islands;;;;;;;;;x
c_aran_islands_adj;Aran Islander;;;;;;;;;x
b_kilronan;Kilronan;;;;;;;;;x
b_rossaveel;Rossaveel;;;;;;;;;x
b_eararna;Eararna;;;;;;;;;x
b_teachmor;Teachmor;;;;;;;;;x
b_baile_an_chaisleain;Baile an Chaisleain;;;;;;;;;x
b_baile_an_lurgain;Baile an Lurgain;;;;;;;;;x
b_an_tuar;An Tuar;;;;;;;;;x
b_edere;Edere;;;;;;;;;x
c_arran_island;Arran Island;;;;;;;;;x
c_arran_island_adj;Holy Islander;;;;;;;;;x
b_lochranza;Lochranza;;;;;;;;;x
b_machrie;Machrie;;;;;;;;;x
b_blackwaterfoot;Blackwaterfoot;;;;;;;;;x
b_kingscross;Kingscross;;;;;;;;;x
b_kiscadale;Kiscadale;;;;;;;;;x
b_whiting_bay;Whiting Bay;;;;;;;;;x
b_largymore;Largymore;;;;;;;;;x
c_islay;Islay;;;;;;;;;x
c_islay_adj;Islayan;;;;;;;;;x
b_bowmore;Bowmore;;;;;;;;;x
b_gartbreck;Gartbreck;;;;;;;;;x
b_bruichladdich;Bruichladdich;;;;;;;;;x
b_bridgend;Bridgend;;;;;;;;;x
b_nerabus;Nerabus;;;;;;;;;x
b_ellister;Ellister;;;;;;;;;x
b_keills;Keills;;;;;;;;;x
c_uist;Uist;;;;;;;;;x
c_uist_adj;Uistan;;;;;;;;;x
b_griminish;Griminish;;;;;;;;;x
b_balivanich;Balivanich;;;;;;;;;x
b_uachdar;Uachdar;;;;;;;;;x
b_gramisdale;Gramisdale;;;;;;;;;x
b_dunganachy;Dunganachy;;;;;;;;;x
b_baile_nan_cailleach;Baile nan Cailleach;;;;;;;;;x
b_grogarry;Grogarry;;;;;;;;;x
c_outer_hebrides;Outer Hebrides;;;;;;;;;x
c_outer_hebrides_adj;Outer Hebridan;;;;;;;;;x
b_tarbert;Tarbert;;;;;;;;;x
b_leverburgh;Leverburgh;;;;;;;;;x
b_northton;Northton;;;;;;;;;x
b_rodel;Rodel;;;;;;;;;x
b_seilebost;Seilebost;;;;;;;;;x
b_urgha;Urgha;;;;;;;;;x
b_maraig;Maraig;;;;;;;;;x
c_suduroy;Suduroy;;;;;;;;;x
c_suduroy_adj;Suduroyan;;;;;;;;;x
b_tvoroyri;Tvoroyri;;;;;;;;;x
b_trongisvagur;Trongisvagur;;;;;;;;;x
b_famjin;Famjin;;;;;;;;;x
b_lopra;Lopra;;;;;;;;;x
b_sumba;Sumba;;;;;;;;;x
b_sandar;Sandar;;;;;;;;;x
b_skalavik;Skalavik;;;;;;;;;x
b_dalur;Dalur;;;;;;;;;x
c_fano;Fano;;;;;;;;;x
c_fano_adj;Fanoan;;;;;;;;;x
b_fano;Fano;;;;;;;;;x
b_mando;Mando;;;;;;;;;x
b_sonderho;Sonderho;;;;;;;;;x
b_rindby;Rindby;;;;;;;;;x
b_nordby;Nordby;;;;;;;;;x
b_vesterhavsbad;Vesterhavsbad;;;;;;;;;x
b_fannikerdagen;Fannikerdagen;;;;;;;;;x
b_oksby;Oksby;;;;;;;;;x
b_esbjerg;Esbjerg;;;;;;;;;x
c_romo;Romo;;;;;;;;;x
c_romo_adj;Romoan;;;;;;;;;x
b_westertilli;Westertilli;;;;;;;;;x
b_ostertilli;Ostertilli;;;;;;;;;x
b_ostersiel;Ostersiel;;;;;;;;;x
b_tammensiel;Tammensiel;;;;;;;;;x
b_hooge;Hooge;;;;;;;;;x
b_mitteltritt;Mitteltritt;;;;;;;;;x
b_havneby;Havneby;;;;;;;;;x
b_coltin;Coltin;;;;;;;;;x
b_hetey;Hetey;;;;;;;;;x
b_hetey;Hetey;;;;;;;;;x
d_nistrenia;Nistrenia;;;;;;;;;x
d_nistrenia_adj;Nistrenian;;;;;;;;;x
PROV2149;Tiraspol;;;;;;;;;x
c_tiraspol_adj;Tiraspolian;;;;;;;;;x
b_tiraspol;Tiraspol;;;;;;;;;x
b_slobozia;Slobozia;;;;;;;;;x
b_grigoriopol;Grigoriopol;;;;;;;;;x
b_dubasari;Dubasari;;;;;;;;;x
b_crasnoe;Crasnoe;;;;;;;;;x
b_sibca;Sibca;;;;;;;;;x
b_ciobruciu;Ciobruciu;;;;;;;;;x
PROV2150;Ribnita;;;;;;;;;x
c_ribnita_adj;Ribnitan;;;;;;;;;x
b_ribnita;Ribnita;;;;;;;;;x
b_camenca;Camenca;;;;;;;;;x
b_plopi;Plopi;;;;;;;;;x
b_rashkov;Rashkov;;;;;;;;;x		
b_hristovaia;hristovaia;;;;;;;;;x
b_ocnita;Ocnita;;;;;;;;;x
b_cobasna;Cobasna;;;;;;;;;x
k_assyria;Assyria;;;;;;;;;x
k_assyria_adj;Assyrian;;;;;;;;;x
k_aram;Aramea;;;;;;;;;x
k_aram_adj;Aramean;;;;;;;;;x
e_west_korea;Western Koryo;;;;;;;;;x
e_west_korea;Koryoan;;;;;;;;;x
k_mann;Mann;;;;;;;;;x
k_mann_adj;Manx;;;;;;;;;x
e_mann;Mann;;;;;;;;;x
e_mann_adj;Manx;;;;;;;;;x
e_bactria;Bactria;;;;;;;;;x
e_bactria_adj;Bactrian;;;;;;;;;x
d_viken;Baahuslen;;;;;;;;;x
d_viken_adj;Baahuslenian;;;;;;;;;x
d_pisa;Pisa-Luca;;;;;;;;;x
d_pisa_adj;Lucan;;;;;;;;;x
e_alps;Alpireich;;;;;;;;;x
e_alps_adj;Alpian;;;;;;;;;x
k_normandy;Normandy;;;;;;;;;x
k_normandy_adj;Normandian;;;;;;;;;x
k_burgundy;Burgundy;;;;;;;;;x
k_burgundy_adj;Burgundian;;;;;;;;;x
k_ladins;Rumantschia;;;;;;;;;x
k_ladins_adj;Rumantschia;;;;;;;;;x
c_nordoyar;Nordoyar;;;;;;;;;x
c_nordoyar_adj;Nordoyingar;;;;;;;;;x
b_klaksvik;Klaksvik;;;;;;;;;x
b_skard;Skard;;;;;;;;;x
b_mikladalur;Mikladalur;;;;;;;;;x
b_vidareidi;Vidareidi;;;;;;;;;x
b_svinoy;Svinoy;;;;;;;;;x
b_kirkja;Kirkja;;;;;;;;;x
b_arnafjordur;Arnafjordur;;;;;;;;;x
b_muli;Muli;;;;;;;;;x
d_faereyar;Faereyar;;;;;;;;;x
d_faereyar_adj;Faereyingar;;;;;;;;;x
c_sandoy;Sandoy;;;;;;;;;x
c_sandoy_adj;Sandoyingar;;;;;;;;;x
b_sandur;Sandur;;;;;;;;;x
b_skarvanes;Skarvanes;;;;;;;;;x
b_skopun;Skopun;;;;;;;;;x
b_skalavik;Skalavik;;;;;;;;;x
b_husavik;Husavik;;;;;;;;;x
b_dalur;Dalur;;;;;;;;;x
b_skuvoy;Skuvoy;;;;;;;;;x
b_stora_dimun;Stora_Dimun;;;;;;;;;x
c_eysturoy;Eysturoy;;;;;;;;;x
c_eysturoy_adj;Eysturoyingar;;;;;;;;;x
b_runavik;Runavik;;;;;;;;;x
b_nes;Nes;;;;;;;;;x
b_fuglafjordur;Fuglafjordur;;;;;;;;;x
b_leirvik;Leirvik;;;;;;;;;x
b_strendur;Strendur;;;;;;;;;x
b_eidi;Eidi;;;;;;;;;x
b_glyvrar;Glyvrar;;;;;;;;;x
b_gota;Gota;;;;;;;;;x
c_vagar;Vagar;;;;;;;;;x
c_vagar_adj;Vagaryingar;;;;;;;;;x
b_midvagur;Midvagur;;;;;;;;;x
b_sandavagur;Sandavagur;;;;;;;;;x
b_sorvagur;Sorvagur;;;;;;;;;x
b_gasadalur;Gasaladur;;;;;;;;;x
b_bour;Bour;;;;;;;;;x
b_vatnsoyrar;Vatnsoyrar;;;;;;;;;x
b_mykines;Mykines;;;;;;;;;x
b_vikar;Vikar;;;;;;;;;x

#New provinces names for Sri lanka

c_colombo;Colombo;;;;;;;;;x
c_colombo_adj;Colomban;;;;;;;;;x
b_colombo;Colombo;;;;;;;;;x
b_gampaha;Gampaha;;;;;;;;;x
b_galle;Galle;;;;;;;;;x
b_kalutara;Kalutara;;;;;;;;;x
b_katana;Katana;;;;;;;;;x
b_panadura;Panadura;;;;;;;;;x
c_badulla;Badulla;;;;;;;;;x
c_badulla_adj;Badullan;;;;;;;;;x
b_badulla;Badulla;;;;;;;;;x
b_monaragala;Monaragala;;;;;;;;;x
b_haputale;Haputale;;;;;;;;;x
b_welimada;Welimada;;;;;;;;;x
b_akkaraipattu;Akkaraipattu;;;;;;;;;x
c_mannar;Mannar;;;;;;;;;x
c_mannar;Mannaran;;;;;;;;;x
b_mannar;Mannar;;;;;;;;;x
b_musalai;Musalai;;;;;;;;;x
b_vavuniya;Vavuniya;;;;;;;;;x
b_anuradhapura;Anuradhapura;;;;;;;;;x
b_kalpitiya;Kalpitiya;;;;;;;;;x
b_puttalam;Puttalam;;;;;;;;;x
c_batticaloa;Batticaloa;;;;;;;;;x
c_batticaloa_adj:Batticaloan;;;;;;;;;x
b_batticaloa;Batticaloa;;;;;;;;;x
b_vakarai;Vakarai;;;;;;;;;x
b_nawa_madagama;Nawa Madagama;;;;;;;;;x
b_maha_oya;Maha Oya;;;;;;;;;x
b_gonagolla;Gonagolla;;;;;;;;;x
c_jaffna;Jaffna;;;;;;;;;x
c_jaffna_adj;Jaffnan;;;;;;;;;x
b_jaffna;Jaffna;;;;;;;;;x
b_point_pedro;Point-Pedro;;;;;;;;;x
b_puthukkudiyiruppu;Puthukkudiyiruppu;;;;;;;;;x
b_parantan;Parantan;;;;;;;;;x
b_murikandy;Murikandy;;;;;;;;;x
e_assyria;Assyrian Empire;;;;;;;;;x
e_assyria_adj;Assyrian;;;;;;;;;x
k_hijaz;Hijaz;;;;;;;;;x
k_hijaz_adj;Hijazi;;;;;;;;;x
k_najd;Najd;;;;;;;;;x
k_najd_adj;Najdi;;;;;;;;;x
d_black_hawk;Al-saqr Al-Aswad;;;;;;;;;x
d_black_hawk_adj;Aswadi;;;;;;;;;x
e_centcom;Al-Sunta'Kum;;;;;;;;;x
e_centcom_adj;Sunti;;;;;;;;;x
e_babylon;Babylonian Empire;;;;;;;;;x
e_babylon_adj;Babylonian;;;;;;;;;x
k_babylon;Babylon;;;;;;;;;x
k_babylon_adj;Babylonian;;;;;;;;;x
d_zanzibar;Zanzibar;;;;;;;;;x
d_zanzibar_adj;Zanzibari;;;;;;;;;x
d_montezuma;Moctezuma;;;;;;;;;x
d_montezuma_adj;Aztec;;;;;;;;;x
k_koptic;Coptic Papacy;;;;;;;;;x
k_koptic_adj;Papal;;;;;;;;;x
k_hellas_minor;Hellas Minor;;;;;;;;;x
k_hellas_minor_adj;Hellene;;;;;;;;;x
d_heroes_of_kelly;Heroes Of Kelly;;;;;;;;;x
d_heroes_of_kelly_adj;Hero;;;;;;;;;x
e_droid;Contingency;;;;;;;;;x
e_droid_adj;Contingency;;;;;;;;;x
c_bahrain;Bahrain;;;;;;;;;x
c_bahrain_adj;Bahraini;;;;;;;;;x
c_qatar;Qatar;;;;;;;;;x
c_qatar_adj;Qatari;;;;;;;;;x
b_al_udied;Al Udied;;;;;;;;;x
b_dawha;Dawha;;;;;;;;;x
b_al_wakrah;Al Wakrah;;;;;;;;;x
b_al_khor;Al Khor;;;;;;;;;x
b_as_sayliyah;As Sayliyah;;;;;;;;;x
b_halul;Halul;;;;;;;;;x
b_zaayin;Za'ayin;;;;;;;;;x
b_fuwayrit;Fuwayrit;;;;;;;;;x
b_jaffair;Jaffair;;;;;;;;;x
b_manama;Manama;;;;;;;;;x
b_muharraq;Muharraq;;;;;;;;;x
b_riffa;Riffa;;;;;;;;;x
b_sadad;Sadad;;;;;;;;;x
b_saar;Saar;;;;;;;;;x
b_hamala;Hamala;;;;;;;;;x
b_zallaq;Zallaq;;;;;;;;;x
k_czechoslovakia;Czechoslovakia;;;;;;;;;x
k_czechoslovakia_adj;Czechoslovakian;;;;;;;;;x
c_n_ossetia_adj;North Ossetian;;;;;;;;;x
c_s_ossetia_adj;South Ossetian;;;;;;;;;x
c_riyadh_adj;Riyadhi;;;;;;;;;x
b_vladikavkaz;Vladikavkaz;;;;;;;;;x
b_nazran;Nazran;;;;;;;;;x
b_ardon;Ardon;;;;;;;;;x
b_beslan;Beslan;;;;;;;;;x
b_nar;Nar;;;;;;;;;x
b_dargavs;Dargavs;;;;;;;;;x
b_alagir;Alagir;;;;;;;;;x
b_nalchik;Nalchik;;;;;;;;;x
b_tskhinvali;Tskhinvali;;;;;;;;;x
b_nuli;Nuli;;;;;;;;;x
b_java;Java;;;;;;;;;x
b_leti;Leti;;;;;;;;;x
b_beloti;Beloti;;;;;;;;;x
b_armazi;Armazi;;;;;;;;;x
b_teregvani;Teregvani;;;;;;;;;x
b_edisa;Edisa;;;;;;;;;x
b_riyadh;Riyadh;;;;;;;;;x
b_banban;Banban;;;;;;;;;x
b_dhurma;Dhurma;;;;;;;;;x
b_dirab;Dirab;;;;;;;;;x
b_ad_diriyah;Ad Diriyah;;;;;;;;;x
b_al_munsiyah;Al Munsiyah;;;;;;;;;x
b_as_sulay;As Sulay;;;;;;;;;x
b_al_iskan;Al Iskan;;;;;;;;;x
b_chikola;Chikola;;;;;;;;;x
b_terek;Terek;;;;;;;;;x
b_baksan;Baksan;;;;;;;;;x
b_maysky;Maysky;;;;;;;;;x
e_druze;Universal Kingdom;;;;;;;;;x
e_druze_adj;Cosmic;;;;;;;;;x
d_unforgiven;Unforgiven;;;;;;;;;x
d_unforgiven_adj;Unforgiven;;;;;;;;;x
d_feroes;Feroes;;;;;;;;;x
d_feroes_adj;Feroese;;;;;;;;;x
k_north_sea;North Sea;;;;;;;;;x
k_north_sea_adj;Northerner;;;;;;;;;x
d_ganges_isles;Ganges Isles;;;;;;;;;x
d_ganges_isles_adj;Islander;;;;;;;;;x
c_hatiya_adj;Hatiyer;;;;;;;;;x
b_hatiya;Hatiya;;;;;;;;;x
b_char_king;Char King;;;;;;;;;x
b_nijhum_dwip;Nijhum Dwip;;;;;;;;;x
b_manpura;Manpura;;;;;;;;;x
b_tazumuddin;Tazumuddin;;;;;;;;;x
b_burhanuddin;Burhanuddin;;;;;;;;;x
b_daulatkhan;Daulatkhan;;;;;;;;;x
d_meraifosu;Meraifosu;;;;;;;;;x
d_meraifosu_adj;Meraifosu;;;;;;;;;x
d_kantan_jiandui;Kantan Jiandui;;;;;;;;;x
d_kantan_jiandui_adj;Jiandui;;;;;;;;;x
c_sandwip_adj;Sandwipi;;;;;;;;;x
b_sandwip;Sandwip;;;;;;;;;x
b_musapur;Musapur;;;;;;;;;x
b_bauria;Bauria;;;;;;;;;x
b_gasua;Gasua;;;;;;;;;x
b_kalapania;Kalapania;;;;;;;;;x
b_magdhara;Magdhara;;;;;;;;;x
b_sarikait;Sarikait;;;;;;;;;x
b_oteda;Oteda;;;;x
b_bangash_mon;Bangash'Mon;;;;x
d_esna;Esna;;;;;;;;;x
d_esna_adj;Esni;;;;;;;;;x
d_hamburg;Hamburg;;;;;;;;;x
d_hamburg_adj;Hamburger;;;;;;;;;x
e_burma;Burma;;;;;;;;;x
e_burma_adj;Burmese;;;;;;;;;x
k_myanmar;Myanmar;;;;;;;;;x
k_myanmar_adj;Myanmaran;;;;;;;;;x
d_north_myanmar;North Myanmar;;;;;;;;;x
d_north_myanmar_adj;North Myanmaran;;;;;;;;;x
c_tamu_adj;Tamuan;;;;;;;;;x
b_tamu;Tamu;;;;;;;;;x
b_ah_hlaw;Ah Hlaw;;;;;;;;;x
b_khampat;Khampat;;;;;;;;;x
b_min_thar;Min Thar;;;;;;;;;x
b_natset;Natset;;;;;;;;;x
b_paungbyin;Paungbyin;;;;;;;;;x
b_ta_nga;Ta Nga;;;;;;;;;x
c_mawlaik_adj;Mawlaikan;;;;;;;;;x
b_mawlaik;Mawlaik;;;;;;;;;x
b_kalewa;Kalewa;;;;;;;;;x
b_thickegyin;Thickegyin;;;;;;;;;x
b_pawlaw;Pawlaw;;;;;;;;;x
b_kyaukka;Kyaukka;;;;;;;;;x
b_kale;Kale;;;;;;;;;x
b_bogyi;Bogyi;;;;;;;;;x
c_homalin_adj;Homalinian;;;;;;;;;x
b_homalin;Homalin;;;;;;;;;x
b_namhta;Namhta;;;;;;;;;x
b_tason;Tason;;;;;;;;;x
b_tonmalaw;Tonmalaw;;;;;;;;;x
b_manthe;Manthe;;;;;;;;;x
b_sinnga;Sinnga;;;;;;;;;x
b_hwena;Hwena;;;;;;;;;x
c_nawngmun_adj;Nawngmunan;;;;;;;;;x
b_nawngmun;Nawngmun;;;;;;;;;x
b_sumprabum;Sumprabum;;;;;;;;;x
b_adaede;Adaede;;;;;;;;;x
b_chaukpu;Chaukpu;;;;;;;;;x
b_mulashidi;Mulashidi;;;;;;;;;x
b_mudong;Mudong;;;;;;;;;x
b_pameude_khar;Pameude Khar;;;;;;;;;x
d_south_myanmar;South Myanmar;;;;;;;;;x
d_south_myanmar_adj;South Myanmaran;;;;;;;;;x
c_buthidaung_adj;Buthidaungan;;;;;;;;;x
b_buthidaung;Buthidaung;;;;;;;;;x
b_maungdaw;Maungdaw;;;;;;;;;x
b_zawmadat;Zawmadat;;;;;;;;;x
b_anauk_myinhlut;Anauk Myinhlut;;;;;;;;;x
b_sanmyaywa;Sanmyaywa;;;;;;;;;x
b_kyaung_taung;Kyuang Taung;;;;;;;;;x
b_shabe;Shabe;;;;;;;;;x
c_paletwa_adj;Paletwan;;;;;;;;;x
b_paletwa;Paletwa;;;;;;;;;x
b_sanmyawa;Sanmyawa;;;;;;;;;x
b_samee;Samee;;;;;;;;;x
b_kawang;Kawang;;;;;;;;;x
b_shwebye;Shwebye;;;;;;;;;x
b_cing_cin;Cing Cin;;;;;;;;;x
b_bongyo;Bongyo;;;;;;;;;x
c_hakha_adj;Hakhan;;;;;;;;;x
b_hakha;Hakha;;;;;;;;;x
b_cinkhua;Cinkhua;;;;;;;;;x
b_hmaihkah;Hmaihkah;;;;;;;;;x
b_zokhua;Zokhua;;;;;;;;;x
b_rawva;Rawva;;;;;;;;;x
b_lamtuk;Lamtuk;;;;;;;;;x
b_tinam;Tinam;;;;;;;;;x
c_matupi_adj;Matupian;;;;;;;;;x
b_matupi;Matupi;;;;;;;;;x
b_lemro;Lemro;;;;;;;;;x
b_vuilawng;Vuilawng;;;;;;;;;x
b_phanaeng;Phanaeng;;;;;;;;;x
b_ngalaeng;Ngalaeng;;;;;;;;;x
b_thi-ui;Thi-Ui;;;;;;;;;x
b_ngephepi;Ngephepi;;;;;;;;;x
c_tedim_adj;Tedimian;;;;;;;;;x
b_tedim;Tedim;;;;;;;;;x
b_tonzang;Tonzang;;;;;;;;;x
b_cikha;Cikha;;;;;;;;;x
b_khuaivum;Khuaivum;;;;;;;;;x
b_vanglai;Vanglai;;;;;;;;;x
b_kawlbem;Kawlbem;;;;;;;;;x
b_khawdungsei;Khawdungsei;;;;;;;;;x
k_saxony;Saxony;;;;;;;;;x
k_saxony_adj;Saxon;;;;;;;;;x
d_thessalonika;Southern Macedonia;;;;;;;;;x
d_thessalonika_adj;Southern Macedonian;;;;;;;;;x
d_knights_hospitaler;Knights Hospitaller;;;;;;;;;x
d_knights_hospitaler_adj;Hospitaller;;;;;;;;;x
d_knights_hospitaler_1;Knights Hospitaller;;;;;;;;;x
d_knights_hospitaler_1_adj;Hospitaller;;;;;;;;;x
d_knights_hospitaler_2;Knights Hospitaller;;;;;;;;;x
d_knights_hospitaler_2_adj;Hospitaller;;;;;;;;;x
d_knights_hospitaler_3;Knights Hospitaller;;;;;;;;;x
d_knights_hospitaler_3_adj;Hospitaller;;;;;;;;;x

d_west_iceland;West Iceland;;;;;;;;;;x
d_west_iceland_adj;West Icelandic;;;;;;;;;;x
d_iceland;East Iceland;;;;;;;;;;x
d_iceland_adj;East Icelandic;;;;;;;;;;x
c_keflavik_adj;Keflavikian;;;;;;;;;;x
b_reykjavik_2;Reykjavik;;;;;;;;;;x
b_kopavogur;Kopavogur;;;;;;;;;;x
b_gardabaer;Gardabaer;;;;;;;;;;x
b_hafnarfjordur;Hafnarfjordur;;;;;;;;;;x
b_mosfellsbaer;Mosfellbaer;;;;;;;;;;x
b_thingvellir;Thingvellir;;;;;;;;;;x
b_gardur;Gardur;;;;;;;;;;x
c_saudakrokur_adj;Saudakrokeran;;;;;;;;;;x
b_hvammstangi;Hvammstangi;;;;;;;;;;x
b_blonduos;Blonduos;;;;;;;;;;x
b_skagastrond;Skagastrond;;;;;;;;;;x
b_holar;Holar;;;;;;;;;;x
b_tjarnaketill;Tjarnaketill;;;;;;;;;;x
b_tindastoll;Tindastoll;;;;;;;;;;x
b_enni;Enni;;;;;;;;;;x
c_isafjordur_adj;Isafjordur;;;;;;;;;;x
b_reykholar;Reykholar;;;;;;;;;;x
b_patreksfjordur;Patreksfjordur;;;;;;;;;;x
b_flateyri;Flateyri;;;;;;;;;;x
b_bolungarvik;Bolungarvik;;;;;;;;;;x
b_sudavik;Sudavik;;;;;;;;;;x
b_nordurfjordur;Nordurfjordur;;;;;;;;;;x
b_hornstrandir;Hornstrandir;;;;;;;;;;x
d_friesland;Friesland;;;;;;;;;;x
d_friesland_adj;Frisian;;;;;;;;;;x
c_varzuga;Varzuga;;;;;;;;;;x
c_varzuga_adj;Varzugan;;;;;;;;;;x
b_varzuga;Varzuga;;;;;;;;;;x
b_sosnovka;Sosnovka;;;;;;;;;;x
b_chapoma;Chapoma;;;;;;;;;;x
b_tetrino;Tetrino;;;;;;;;;;x
b_chavanga;Chavanga;;;;;;;;;;x
b_pyalitsa;Pyalitsa;;;;;;;;;;x
b_kuzomen;Kuzomen;;;;;;;;;;x
b_strelna;Strelna;;;;;;;;;;x
c_murmansk;Murmansk;;;;;;;;;;x
c_murmansk_adj;Murmanskan;;;;;;;;;;x
b_murmansk;Murmansk;;;;;;;;;;x
b_severomorsk;Severomorsk;;;;;;;;;;x
b_vidyayevo;Vidyayevo;;;;;;;;;;x
b_taybola;Taybola;;;;;;;;;;x
b_pushnoy;Pushnoy;;;;;;;;;;x
b_mokket;Mokket;;;;;;;;;;x
b_titovka;Titovka;;;;;;;;;;x
b_nyal;Nyal;;;;;;;;;;x
c_ostrovnoy;Ostrovnoy;;;;;;;;;;x
c_ostrovnoy_adj;Ostrovnoid;;;;;;;;;;x
b_ostrovnoy;Ostrovnoy;;;;;;;;;;x
b_svyatoy_nos;Svyatoy Nos;;;;;;;;;;x
b_mys_chorny;Mys Chorny;;;;;;;;;;x
b_drozdovka;Drozdovka;;;;;;;;;;x
b_lumbovka;Lumbovka;;;;;;;;;;x
b_mayak_gorodetsky;Mayak Gorodetsky;;;;;;;;;;x
b_kanevka;Kanevka;;;;;;;;;;x
b_krasnoshchelye;Krasnoshchelye;;;;;;;;;;x
c_apatity;Apatity;;;;;;;;;;x
c_apatity_adj;Apatitan;;;;;;;;;;x
b_apatity;Apatity;;;;;;;;;;x
b_kandalaksha;Kandalaksha;;;;;;;;;;x
b_yonsky;Yonsky;;;;;;;;;;x
b_kovdor;Kovdor;;;;;;;;;;x
b_kirovsk;Kirovsk;;;;;;;;;;x
b_slyuda;Slyuda;;;;;;;;;;x
b_rikolatva;Rikolatva;;;;;;;;;;x
b_pirenga;Pirenga;;;;;;;;;;x
d_east_pommerania;East Pomerania;;;;;;;;;;x
d_east_pommerania_adj;East Pomerania;;;;;;;;;;x
d_west_pommerania;West Pomerania;;;;;;;;;;x
d_west_pommerania_adj;West Pomeranian;;;;;;;;;;x
d_kaliningrad;Kaliningrad;;;;;;;;;;x
d_kaliningrad_adj;Kaliningrader;;;;;;;;;;x
c_inari;Inari;;;;;;;;;;x
c_inari_adj;Inarin;;;;;;;;;;x
b_inari;Inari;;;;;;;;;;x
b_lusmaniemi;Lusmaniemi;;;;;;;;;;x
b_nellim;Nellim;;;;;;;;;;x
b_kaamanen;Kaamanen;;;;;;;;;;x
b_sevettijarvi;Sevettijarvi;;;;;;;;;;x
b_utsjoki;Utsjoki;;;;;;;;;;x
b_kielajoki;Kielajoki;;;;;;;;;;x
c_sodankyla;Sodankyla;;;;;;;;;;x
c_sodankyla_adj;Sodankylan;;;;;;;;;;x
b_sodankyla;Sodankyla;;;;;;;;;;x
b_petkula;Petkula;;;;;;;;;;x
b_savukoski;Savukoski;;;;;;;;;;x
b_pelkosenniemi;Pelkosenniemi;;;;;;;;;;x
b_varrio;Varrio;;;;;;;;;;x
b_lunkkaus;Lunkkaus;;;;;;;;;;x
b_ruuvaoja;Ruuvaoja;;;;;;;;;;x
c_posio;Posio;;;;;;;;;;x
c_posio_adj;Posian;;;;;;;;;;x
b_posio;Posio;;;;;;;;;;x
b_kumpuvaara;Kumpuvaara;;;;;;;;;;x
b_lohiranta;Lohiranta;;;;;;;;;;x
b_nassakka;Nassakka;;;;;;;;;;x
b_timisjarvi;Timisjarvi;;;;;;;;;;x
b_anetjarvi;Anetjarvi;;;;;;;;;;x
b_jumisko;Jumisko;;;;;;;;;;x
c_kittila;Kittila;;;;;;;;;;x
c_kittila_adj;Kittilan;;;;;;;;;;x
b_kittila;Kittila;;;;;;;;;;x
b_raatama;Raatama;;;;;;;;;;x
b_yllasjarvi;Yllasjarvi;;;;;;;;;;x
b_sirkka;Sirkka;;;;;;;;;;x
b_pulju;Pulju;;;;;;;;;;x
b_hetta;Hetta;;;;;;;;;;x
b_peltovuoma;Peltovuoma;;;;;;;;;;x
b_keminmaa;Keminmaa;;;;;;;;;;x
b_filpus;Filpus;;;;;;;;;;x
b_maksniemi;Maksniemi;;;;;;;;;;x
b_simo;Simo;;;;;;;;;;x
b_ajos;Ajos;;;;;;;;;;x
b_puuluoto;Puuluoto;;;;;;;;;;x
b_hirvas;Hirvas;;;;;;;;;;x
b_narkaus;Narkaus;;;;;;;;;;x
b_kivitaipale;Kivitaipale;;;;;;;;;;x
b_muurola;Muurola;;;;;;;;;;x
b_portimo;Portimo;;;;;;;;;;x
b_haukitaipale;Haukitaipale;;;;;;;;;;x
c_turku;Turku;;;;;;;;;;x
c_turku_adj;Turkan;;;;;;;;;;x
b_turku;Turku;;;;;;;;;;x
b_naantali;Naantali;;;;;;;;;;x
b_raisio;Raisio;;;;;;;;;;x
b_rusko;Rusko;;;;;;;;;;x
b_rauma;Rauma;;;;;;;;;;x
b_lieto;Lieto;;;;;;;;;;x
b_otava;Otava;;;;;;;;;;x
b_alon;Alon;;;;;;;;;;x
c_hameenlinna;Hameenlinna;;;;;;;;;;x
c_hameenlinna_adj;Hameenlinnan;;;;;;;;;;x
b_hameenlinna;Hameenlinna;;;;;;;;;;x
b_rimmila;Rimmila;;;;;;;;;;x
b_konnola;Konnola;;;;;;;;;;x
b_heinu;Heinu;;;;;;;;;;x
b_parola;Parola;;;;;;;;;;x
b_tuittula;Tuittula;;;;;;;;;;x
b_renko;Renko;;;;;;;;;;x
b_kaloinen;Kaloinen;;;;;;;;;;x
c_pori;Pori;;;;;;;;;;x
c_pori_adj;Poran;;;;;;;;;;x
b_pori;Pori;;;;;;;;;;x
b_makholma;Makholma;;;;;;;;;;x
b_luvia;Luvia;;;;;;;;;;x
b_verkkoranta;Verkkoranta;;;;;;;;;;x
b_kulaa;Kulaa;;;;;;;;;;x
b_leineperi;Leineperi;;;;;;;;;;x
b_nakkila;Nakkila;;;;;;;;;;x
b_viasvesi;Viasvesi;;;;;;;;;;x
c_gordbole;Gordbole;;;;;;;;;;x
c_gordbole_adj;Gordbolan;;;;;;;;;;x
b_gordbole;Gordbole;;;;;;;;;;x
b_peippu;Peippu;;;;;;;;;;x
b_puukoski;Puukoski;;;;;;;;;;x
b_merikarvia;Merikarvia;;;;;;;;;;x
b_lankoski;Lankoski;;;;;;;;;;x
b_otamo;Otamo;;;;;;;;;;x
b_siikainen;Siikainen;;;;;;;;;;x
b_tuorila;Tuorila;;;;;;;;;;x
c_parkano;Parkano;;;;;;;;;;x
c_parkano_adj;Parkanan;;;;;;;;;;x
b_parkano;Parkano;;;;;;;;;;x
b_karvia;Karvia;;;;;;;;;;x
b_suomjarvi;Suomjarvi;;;;;;;;;;x
b_korvaluoma;Korvaluoma;;;;;;;;;;x
b_raivala;Raivala;;;;;;;;;;x
b_vuotari;Vuotari;;;;;;;;;;x
b_aureskoski;Aureskoski;;;;;;;;;;x
b_tevaniemi;Tevaniemi;;;;;;;;;;x
c_sastamala;Sastamala;;;;;;;;;;x
c_sastamala_adj;Sastamalan;;;;;;;;;;x
b_sastamala;Sastamala;;;;;;;;;;x
b_jaamala;Jaamala;;;;;;;;;;x
b_naantali;Naantali;;;;;;;;;;x
b_stormi;Stormi;;;;;;;;;;x
b_lantula;Lantula;;;;;;;;;;x
b_virri;Virri;;;;;;;;;;x
b_kaltsila;Kaltsila;;;;;;;;;;x
b_rauva;Rauva;;;;;;;;;;x
c_hameenkoski;Hameenkoski;;;;;;;;;;x
c_hameenkoski_adj;Hameenkoskian;;;;;;;;;;x
b_hameenkoski;Hameenkoski;;;;;;;;;;x
b_hankala;Hankala;;;;;;;;;;x
b_lammi;Lammi;;;;;;;;;;x
b_ronni;Ronni;;;;;;;;;;x
b_putula;Putula;;;;;;;;;;x
b_huljala;Huljala;;;;;;;;;;x
b_uskila;Uskila;;;;;;;;;;x
b_vesala;Vesala;;;;;;;;;;x
c_heinola;Heinola;;;;;;;;;;x
c_heinola_adj;Heinolan;;;;;;;;;;x
b_heinola;Heinola;;;;;;;;;;x
b_hevossaari;Hevossaari;;;;;;;;;;x
b_lapia;Lapia;;;;;;;;;;x
b_isosaari;Isosaari;;;;;;;;;;x
b_hujansalo;Hujansalo;;;;;;;;;;x
b_lusi;Lusi;;;;;;;;;;x
b_imjarvi;Imjarvi;;;;;;;;;;x
b_rihu;Rihu;;;;;;;;;;x
c_salo;Salo;;;;;;;;;;x
c_salo_adj;Salan;;;;;;;;;;x
b_salo;Salo;;;;;;;;;;x
b_halikko;Halikko;;;;;;;;;;x
b_tavola;Tavola;;;;;;;;;;x
b_ruska;Ruska;;;;;;;;;;x
b_muurla;Muurla;;;;;;;;;;x
b_pertteli;Pertteli;;;;;;;;;;x
b_inkere;Inkere;;;;;;;;;;x
b_karviainen;Karviainen;;;;;;;;;;x
d_turku;Turku;;;;;;;;;;x
d_turku_adj;Turkuan;;;;;;;;;;x
d_helsinki;Helsinki;;;;;;;;;;x
d_helsinki_adj;Helsinkian;;;;;;;;;;x
d_zahedan;Zahedan;;;;;;;;;;x
d_zahedan_adj;Zahedani;;;;;;;;;;x
c_zahedan;Zahedan;;;;;;;;;;x
c_zahedan_adj;Zahedani;;;;;;;;;;x
b_zahedan;Zahedan;;;;;;;;;;x
b_lucho;Lucho;;;;;;;;;;x
b_mirjaveh;Mirjaveh;;;;;;;;;;x
b_ladiz;Ladiz;;;;;;;;;;x
b_anjareh;Anjareh;;;;;;;;;;x
b_nazil;Nazil;;;;;;;;;;x
b_ashuru;Ashuru;;;;;;;;;;x
b_dumak;Dumak;;;;;;;;;;x
c_mahirood;Mahirood;;;;;;;;;;x
c_mahirood_adj;Mahiroodan;;;;;;;;;;x
b_mahirood;Mahirood;;;;;;;;;;x
b_ili_heddiyeh;Ili Heddiyeh;;;;;;;;;;x
b_aliabad;Aliabad;;;;;;;;;;x
b_kobat;Kobat;;;;;;;;;;x
b_doroh;Doroh;;;;;;;;;;x
b_baghe_sangi;Baghe Sangi;;;;;;;;;;x
b_naz_dasht;Naz Dasht;;;;;;;;;;x
b_makhunik;Makhunik;;;;;;;;;;x
c_shuru;Shuru;;;;;;;;;;x
c_shuru_adj;Shurun;;;;;;;;;;x
b_shuru;Shuru;;;;;;;;;;x
b_nosrat_abad;Nosrat Abad;;;;;;;;;;x
b_keshit;Keshit;;;;;;;;;;x
b_nask;Nask;;;;;;;;;;x
b_golbaf;Golbaf;;;;;;;;;;x
b_arbabad;Arbabad;;;;;;;;;;x
b_hormak;Hormak;;;;;;;;;;x
b_abareq;Abareq;;;;;;;;;;x
c_zabol;Zabol;;;;;;;;;;x
c_zabol_adj;Zaboli;;;;;;;;;;x
b_zabol;Zabol;;;;;;;;;;x
b_zahak;Zahak;;;;;;;;;;x
b_kaftargi;Kaftargi;;;;;;;;;;x
b_khamak;Khamak;;;;;;;;;;x
b_adimi;Adimi;;;;;;;;;;x
b_lurgbagh;Lurgbagh;;;;;;;;;;x
b_hamoon;Hamoon;;;;;;;;;;x
b_shahbaz;Shahbaz;;;;;;;;;;x
d_tis;Tis;;;;;;;;;;x
d_tis_adj;Tisan;;;;;;;;;;x
c_tis;Tis;;;;;;;;;;x
c_tis_adj;Tisan;;;;;;;;;;x
b_tis;Tis;;;;;;;;;;x
b_tiskoupan;Tiskoupan;;;;;;;;;;x
b_lakki;Lakki;;;;;;;;;;x
b_chabahar;Chabahar;;;;;;;;;;x
b_konarak;Konarak;;;;;;;;;;x
b_kahir;Kahir;;;;;;;;;;x
b_gurdim;Gurdim;;;;;;;;;;x
c_sirkan;Sirkan;;;;;;;;;;x
c_sirkan_adj;Sirkani;;;;;;;;;;x
b_sirkan;Sirkan;;;;;;;;;;x
b_hoshak;Hoshak;;;;;;;;;;x
b_kalporagan;Kalporagan;;;;;;;;;;x
b_seb;Seb;;;;;;;;;;x
b_suran;Suran;;;;;;;;;;x
b_gosht;Gosht;;;;;;;;;;x
b_jalq;Jalq;;;;;;;;;;x
b_hoshanek;Hoshanek;;;;;;;;;;x
c_khash;Khash;;;;;;;;;;x
c_khash_adj;Khashan;;;;;;;;;;x
b_khash;Khash;;;;;;;;;;x
b_dejang;Dejang;;;;;;;;;;x
b_gaxu;Gaxu;;;;;;;;;;x
b_jarur;Jarur;;;;;;;;;;x
b_noukabad;Noukabad;;;;;;;;;;x
b_anjareh;Anjareh;;;;;;;;;;x
b_taftan;Taftan;;;;;;;;;;x
b_istgah;Istgah;;;;;;;;;;x
c_iranshahr;Iranshahr;;;;;;;;;;x
c_iranshahr_adj;Iranshahran;;;;;;;;;;x
b_iranshahr;Iranshahr;;;;;;;;;;x
b_mohamadan;Mohamadan;;;;;;;;;;x
b_nukjub;Nukjub;;;;;;;;;;x
b_bampur;Bampur;;;;;;;;;;x
b_turdan;Turdan;;;;;;;;;;x
b_sarzeh;Sarzeh;;;;;;;;;;x
b_saraydan;Saraydan;;;;;;;;;;x
b_piranch;Piranch;;;;;;;;;;x
c_bojnurd;Bojnurd;;;;;;;;;;x
c_bojnurd_adj;Bojnurdan;;;;;;;;;;x
b_bojnurd;Bojnurd;;;;;;;;;;x
b_langar;Langar;;;;;;;;;;x
b_yenge_ghale;Yenge Ghale;;;;;;;;;;x
b_hamzanlu;Hamzanlu;;;;;;;;;;x
b_aliabad;Aliabad;;;;;;;;;;x
b_isfarayen;Isfarayen;;;;;;;;;;x
b_mamlejeh;Mamlejeh;;;;;;;;;;x
b_tatar;Tatar;;;;;;;;;;;x
b_qazi;Qazi;;;;;;;;;;x
c_meshed;Meshed;;;;;;;;;;x
c_meshed_adj;Meshedan;;;;;;;;;;x
b_meshed;Meshed;;;;;;;;;;x
b_razaviye;Razaviye;;;;;;;;;;x
b_salarabad;Salarabad;;;;;;;;;;x
b_dastgerdan;Dastgerdan;;;;;;;;;;x
b_shahrabad;Shahrabad;;;;;;;;;;x
b_shotorak;Shotorak;;;;;;;;;;x
b_hemmatabad;Hemmatabad;;;;;;;;;;x
b_kola_kub;Kola Kub;;;;;;;;;;x
b_riab;Riab;;;;;;;;;;x
c_gwadar;Gwadar;;;;;;;;;;x
c_gwadar_adj;Gwadaran;;;;;;;;;;x
b_gwadar;Gwadar;;;;;;;;;;x
b_kappar;Kappar;;;;;;;;;;x
b_pishukan;Pishukan;;;;;;;;;;x
b_jiwani;Jiwani;;;;;;;;;;x
b_kuldan;Kuldan;;;;;;;;;;x
b_hermain;Hermain;;;;;;;;;;x
b_akara;Akara;;;;;;;;;;x
b_chatti;Chatti;;;;;;;;;;x
c_farah;Farah;;;;;;;;;;x
c_farah_adj;Farahan;;;;;;;;;;x
d_birjand;Birjand;;;;;;;;;;x
d_birjand_adj;Birjandi;;;;;;;;;;x
b_ferdous;Ferdous;;;;;;;;;;x
k_palestine;Palestine;;;;;;;;;;x
k_palestine_adj;Palestinian;;;;;;;;;;x
c_nayband;Nayband;;;;;;;;;;x
c_nayband_adj;Naybandi;;;;;;;;;;x
b_nayband;Nayband;;;;;;;;;;x
b_parvadeh;Parvadeh;;;;;;;;;;x
b_arababad;Arababad;;;;;;;;;;x
b_zenowghan;Zenowghan;;;;;;;;;;x
b_esfandiar;Esfandiar;;;;;;;;;;x
b_marghub;Marghub;;;;;;;;;;x
b_deh_e_shadi;Deh-e Shadi;;;;;;;;;;x
b_deh_now;Deh Now;;;;;;;;;;x
c_hamashkoraib;Hamashkoraib;;;;;;;;;;x
c_hamashkoraib_adj;Hamashkoraiban;;;;;;;;;;x
b_hamashkoraib;Hamashkoraib;;;;;;;;;;x
b_sakha_saghira;Sakha Saghira;;;;;;;;;;x
b_almalqabir;Almalqabir;;;;;;;;;;x
b_kalbana;Kalbana;;;;;;;;;;x
b_qutuhir;Qutuhir;;;;;;;;;;x
b_ruklan;Ruklan;;;;;;;;;;x
b_alfiran;Alfiran;;;;;;;;;;x
c_oleb;Oleb;;;;;;;;;;x
c_oleb_adj;Oleban;;;;;;;;;;x
b_oleb;Oleb;;;;;;;;;;x
b_turat_kilu;Turat Kilu;;;;;;;;;;x
b_wagga;Wagga;;;;;;;;;;x
b_tayiba;Tayiba;;;;;;;;;;x
b_hadalya;Hadalya;;;;;;;;;;x
b_hafir;Hafir;;;;;;;;;;x
b_bir_sarar_nawar;Bir Sarar Nawar;;;;;;;;;;x
b_sayalah;Sayalah;;;;;;;;;;x
c_shendi;Shendi;;;;;;;;;;x
c_shendi_adj;Shendian;;;;;;;;;;x
b_shendi;Shendi;;;;;;;;;;x
b_hosh_bannaga;Hosh Bannaga;;;;;;;;;;x
b_el_hobagi;El Hobagi;;;;;;;;;;x
b_jabrab;Jabrab;;;;;;;;;;x
b_wad_hamid;Wad Hamid;;;;;;;;;;x
b_kerma;Kerma;;;;;;;;;;x
b_aljazirat_naqzu;Aljazirat Naqzu;;;;;;;;;;x
c_bir_tawil;Bir Tawil;;;;;;;;;;x
c_bir_tawil_adj;Bir Tawilan;;;;;;;;;;x
b_bir_tawil;Bir Tawil;;;;;;;;;;x
b_urmiya;Urmiya;;;;;;;;;;x
b_irmiya;Irmiya;;;;;;;;;;x
b_alharara;Alharara;;;;;;;;;;x
b_ealaa;Ealaa;;;;;;;;;;x
b_abhail;Abhail;;;;;;;;;;x
b_iimili;Iimili;;;;;;;;;;x
c_salahley;Salahley;;;;;;;;;;x
c_salahley_adj;Salahleyan;;;;;;;;;;x
b_salahley;Salahley;;;;;;;;;;x
b_baligubadle;Baligubadle;;;;;;;;;;x
b_faraweyne;Faraweyne;;;;;;;;;;x
b_harshin;Harshin;;;;;;;;;;x
b_aware;Aware;;;;;;;;;;x
b_daror;Daror;;;;;;;;;;x
b_shekosh;Shekosh;;;;;;;;;;x
c_degehabur;Degehabur;;;;;;;;;;x
c_degehabur_adj;Degehaburan;;;;;;;;;;x
b_degehabur;Degehabur;;;;;;;;;;x
b_birqod;Birqod;;;;;;;;;;x
b_sagag;Sagag;;;;;;;;;;x
b_danan;Danan;;;;;;;;;;x
b_korahe;Korahe;;;;;;;;;;x
b_hanan;Hanan;;;;;;;;;;x
b_shilabe;Shilabe;;;;;;;;;;x
c_fiq;Fiq;;;;;;;;;;x
c_fiq_adj;Fiqan;;;;;;;;;;x
b_fiq;Fiq;;;;;;;;;;x
b_hamero;Hamero;;;;;;;;;;x
b_adadle;Adadle;;;;;;;;;;x
b_imi;Imi;;;;;;;;;;x
b_sheikh_hussein;Sheikh Hussein;;;;;;;;;;x
b_seru;Seru;;;;;;;;;;x
b_mersu;Mersu;;;;;;;;;;x
c_garoowe;Garoowe;;;;;;;;;;x
c_garoowe_adj;Garoowean;;;;;;;;;;x
b_garoowe;Garoowe;;;;;;;;;;x
b_al_huda;Al-Huda;;;;;;;;;;x
b_halin;Halin;;;;;;;;;;x
b_taleex;Taleex;;;;;;;;;;x
b_maisamo;Maisamo;;;;;;;;;;x
b_godalo;Godalo;;;;;;;;;;x
b_holhol;Holhol;;;;;;;;;;x
b_tukarak;Tukarak;;;;;;;;;;x
c_bokh;Bokh;;;;;;;;;;x
c_bokh_adj;Bokhan;;;;;;;;;;x
b_bokh;Bokh;;;;;;;;;;x
b_werder;Werder;;;;;;;;;;x
b_ueluel;Ueluel;;;;;;;;;;x
b_geregube;Geregube;;;;;;;;;;x
b_eegi;Eegi;;;;;;;;;;x
b_misrak_gashamo;Misrak Gashamo;;;;;;;;;;x
b_qabri;Qabri;;;;;;;;;;x
b_korahe;Korahe;;;;;;;;;;x
c_laasqoray;Laasqoray;;;;;;;;;;x
c_laasqoray_adj;Laasqorayan;;;;;;;;;;x
b_laasqoray;Laasqoray;;;;;;;;;;x
b_haylan;Haylan;;;;;;;;;;x
b_yube;Yube;;;;;;;;;;x
b_ceerigaabo;Ceerigaabo;;;;;;;;;;x
b_masagan;Masagan;;;;;;;;;;x
b_armale;Armale;;;;;;;;;;x
b_hadaftimo;Hadaftimo;;;;;;;;;;x
b_ceelbuh;Ceelbuh;;;;;;;;;;x
b_rako_raaxo;Rako Raaxo;;;;;;;;;;x
b_xiriiro;Xiriiro;;;;;;;;;;x	
b_samaysa_dheer;Samaysa Dheer;;;;;;;;;;x
b_xidda;Xidda;;;;;;;;;;x
b_dahan;Dahan;;;;;;;;;;x
c_bandar_beyla;Bandar Beyla;;;;;;;;;;x
c_bandar_beyla_adj;Bandar Beylan;;;;;;;;;;x
b_bandar_beyla;Bandar Beyla;;;;;;;;;;x
b_baba_raqiis;Baba Raqiis;;;;;;;;;;x
c_raas_xaafuun;Raas Xaafuun;;;;;;;;;;x
c_raas_xaafuun_adj;Raas Xaafuunian;;;;;;;;;;x
b_raas_xaafuun;Raas Xaafuun;;;;;;;;;;x
b_ashira;Ashira;;;;;;;;;;x
b_hurdiya;Hurdiya;;;;;;;;;;x
b_foocar;Foocar;;;;;;;;;;x
b_iskushuban;Iskushuban;;;;;;;;;;x
b_jurile;Jurile;;;;;;;;;;x
b_nasiye;Nasiye;;;;;;;;;;x
b_waiye;Waiye;;;;;;;;;;x
b_xamure;Xamure;;;;;;;;;;x
b_tager;Tager;;;;;;;;;;x
b_bargaal;Bargaal;;;;;;;;;;x
b_gondoli;Gondoli;;;;;;;;;;x
b_caluula;Caluula;;;;;;;;;;x
b_ufeyn;Ufeyn;;;;;;;;;;x
b_karin;Karin;;;;;;;;;;x
b_busaso;Busaso;;;;;;;;;;x
d_east_somalia;East Somalia;;;;;;;;;;x
d_east_somalia_adj;East Somalian;;;;;;;;;;x
d_west_somalia;West Somalia;;;;;;;;;;x
d_west_somalia_adj;West Somalian;;;;;;;;;;x
k_somalia;Somalia;;;;;;;;;;x
k_somalia_adj;Somalian;;;;;;;;;;x
c_lusatia_adj;Lusatian;;;;;;;;;;x
b_lobau;Lobau;;;;;;;;;;x
b_weisswasser;Weisswasser;;;;;;;;;;x
b_boxberg;Boxberg;;;;;;;;;;x
b_rothenburg;Rothenburg;;;;;;;;;;x
b_niesky;Niesky;;;;;;;;;;x
b_weissenberg;Weissenberg;;;;;;;;;;x
b_konigshain;Konigshain;;;;;;;;;;x
b_westerplatte;Westerplatte;;;;;;;;;;x
b_stegna;Stegna;;;;;;;;;;x
b_pruszcz_gdanski;Pruszcz Gdanski;;;;;;;;;;x
b_tczew;Tczew;;;;;;;;;;x
b_nowydworgdanski;Nowy Dwor Gdanski;;;;;;;;;;x	
c_kaszuby;Kaszuby;;;;;;;;;;x
c_kaszuby_adj;Kaszubyan;;;;;;;;;;x
b_skarszewy;Skarszewy;;;;;;;;;;x
b_lebork;Lebork;;;;;;;;;;x
b_koscierzyna;Koscierzyna;;;;;;;;;;x
b_starogard_gdanski;Starogard Gdanski;;;;;;;;;;x
b_kartuzy;Kartuzy;;;;;;;;;;x
b_wladyslawowo;Wladyslawowo;;;;;;;;;;x
c_chojnice;Chojnice;;;;;;;;;;x
c_chojnice_adj;Chojnicean;;;;;;;;;;x
b_chojnice;Chojnice;;;;;;;;;;x
b_czluchow;Czluchow;;;;;;;;;;x
b_tuchola;Tuchola;;;;;;;;;;x
b_swornegacie;Swornegacie;;;;;;;;;;x
b_charzykowy;Charzykowy;;;;;;;;;;x
b_krojanty;Krojanty;;;;;;;;;;x
b_czarne;Czarne;;;;;;;;;;x
c_ostrow;Ostrow;;;;;;;;;;x
b_ostrow;Ostrow;;;;;;;;;;x
b_krotoszyn;Krotoszyn;;;;;;;;;;x
b_rawicz;Rawicz;;;;;;;;;;x
b_milicz;Milicz;;;;;;;;;;x
b_zduny;Zduny;;;;;;;;;;x
b_kobylin;Kobylin;;;;;;;;;;x
b_pepowo;Pepowo;;;;;;;;;;x
c_wroclaw;Wroclaw;;;;;;;;;;x
c_wroclaw_adj;Wroclawian;;;;;;;;;;x
b_wroclaw;Wroclaw;;;;;;;;;;x
b_grabiszyn;Grabiszyn;;;;;;;;;;x
b_brochow;Brochow;;;;;;;;;;x
b_szczodre;Szczodre;;;;;;;;;;x
b_psary;Psary;;;;;;;;;;x
b_szewce;Szewce;;;;;;;;;;x
b_radwanice;Radwanice;;;;;;;;;;x
b_brzeg;Brzeg;;;;;;;;;;x
b_nysa;Nysa;;;;;;;;;;x
b_kluczbork;Kluczbork;;;;;;;;;;x
b_dobrodzien;Dobrodzien;;;;;;;;;;x
b_krapokowice;Krapokowice;;;;;;;;;;x
b_prudnik;Prudnik;;;;;;;;;;x
b_kalety;Kalety;;;;;;;;;;x
b_koszecin;Koszecin;;;;;;;;;;x
b_baronow;Baronow;;;;;;;;;;x
b_lisow;Lisow;;;;;;;;;;x
b_pawonkow;Pawonkow;;;;;;;;;;x
b_ciasna;Ciasna;;;;;;;;;;x
c_katowice;Katowice;;;;;;;;;;x
c_katowice_adj;Katowicean;;;;;;;;;;x
b_katowice;Katowice;;;;;;;;;;x
b_tychy;Tychy;;;;;;;;;;x
b_tarnowskie_gory;Tarnowskie Gory;;;;;;;;;;x
b_bytom;Bytom;;;;;;;;;;x
b_bierun;Bierun;;;;;;;;;;x
b_ruda_slaska;Ruda Slaska;;;;;;;;;;x
b_jaworzno;Jaworzno;;;;;;;;;;x
c_goralszczyzna;Goralszczyzna;;;;;;;;;;x
c_goralszczyzna_adj;Goralszczyznan;;;;;;;;;;x
b_nowy_targ;Nowy Targ;;;;;;;;;;x
b_zakopane;Zakopane;;;;;;;;;;x
b_bialka_tatrzanska;Bialka Tatrzanska;;;;;;;;;;x
b_wadowice;Wadowice;;;;;;;;;;x
b_zawoja;Zawoja;;;;;;;;;;x
b_spytkowice;Spytkowice;;;;;;;;;;x
b_kluszkowce;Kluszkowce;;;;;;;;;;x
b_rybnik;Rybnik;;;;;;;;;;x
b_czerwionka_leszczyny;Czerwionka Leszczyny;;;;;;;;;;x
b_wodzislaw_slaski;Wodzislaw Slaski;;;;;;;;;;x
b_jastrzebie_zdroj;Jastrzebie Zdroj;;;;;;;;;;x
b_zory;Zory;;;;;;;;;;x
b_pawlowice;Pawlowice;;;;;;;;;;x
c_masuria;Mazury;;;;;;;;;;x
c_masuria_adj;Mazuryan;;;;;;;;;;x
b_elk;Elk;;;;;;;;;;x
b_szczytno;Szczytno;;;;;;;;;;x
b_goldap;Goldap;;;;;;;;;;x
b_nidzica;Nidzica;;;;;;;;;;x
b_olsztynek;Olsztynek;;;;;;;;;;x
b_mragowa;Mragowa;;;;;;;;;;x
b_ketrzyn;Ketrzyn;;;;;;;;;;x
b_ryn;Ryn;;;;;;;;;;x
c_powisle;Powisle;;;;;;;;;;x
b_paslek;Paslek;;;;;;;;;;x
b_elblag;Elblag;;;;;;;;;;x
b_malbork;Malbork;;;;;;;;;;x
b_morag;Morag;;;;;;;;;;x
b_kwidzyn;Kwidzyn;;;;;;;;;;x
b_lubawa;Lubawa;;;;;;;;;;x
b_ilawa;Ilawa;;;;;;;;;;x
b_sztum;Sztum;;;;;;;;;;x
b_jelenia_gora;Jelenia Gora;;;;;;;;;;x
b_cieplice;Cieplice;;;;;;;;;;x
b_walbrzych;Walbrzych;;;;;;;;;;x
b_swiebodzice;Swiebodzice;;;;;;;;;;x
b_bolkow;Bolkow;;;;;;;;;;x
b_jawor;Jawor;;;;;;;;;;x
b_lomnica;Lomnica;;;;;;;;;;x
d_biaza;Biaza;;;;;;;;;;x
d_biaza_adj;Biazan;;;;;;;;;;x
d_eaza;Eaza;;;;;;;;;;x
d_eaza_adj;Eazan;;;;;;;;;;x
e_kazzinkh;Kazzinkhistan;;;;;;;;;;x
e_kazzinkh_adj;Kazzinkhistani;;;;;;;;;;x
e_tirnanog;Tír na nÓg;;;;;;;;;;x
e_tirnanog_adj;Celtic;;;;;;;;;;x
KEEPER;Keeper;;;;;;;;;;x
GARDIEN;Gardien;;;;;;;;;;x
GARDIENNE;Gardienne;;;;;;;;;;x
k_ulm;Ulm;;;;;;;;;;x
k_ulm_adj;Ulmian;;;;;;;;;;x
d_ulm;Ulm;;;;;;;;;;x
d_ulm_adj;Ulmian;;;;;;;;;;x
k_franconia;Franconia;;;;;;;;;;x
k_franconia_adj;Franconian;;;;;;;;;;x
d_schleswig;Schleswig;;;;;;;;;;x
d_schleswig_adj;Schleswigian;;;;;;;;;;x

#New provinces names for Estonia

b_narva;Narva;;;;;;;;;x
b_rakvere;Rakvere;;;;;;;;;x
b_kohtla;Kohtla;;;;;;;;;x
b_jarve;Jarve;;;;;;;;;x
b_johvi;Johvi;;;;;;;;;x
b_kivioli;Kivioli;;;;;;;;;x
b_tapa;Tapa;;;;;;;;;x
b_sillamae;Sillamae;;;;;;;;;x
b_ur;Ur;;;;;;;;;x

# Tribal titles
k_soitoskan;Soitoskania;;;;;;;;;x
k_soitoskan;Soitoskan;;;;;;;;;x

#Somehow Liverpool was missing
b_liverpool;Liverpool;Liverpool;Liverpool;;Liverpool;;;;;;;;;x
b_liverpool_adj;Liverpool;Liverpool;Liverpool;;Liverpool;;;;;;;;;x