achievements_achievements;Achievements;;;;;;;;x
title_achivements;Achievements;;;;;;;;x
achievements_page_1;1/4;;;;;;;;x
achievements_page_2;2/4;;;;;;;;x
achievements_page_3;3/4;;;;;;;;x
achievements_page_4;4/4;;;;;;;;x
achievements_page_1_desc;Page 1/4;;;;;;;;x
achievements_page_2_desc;Page 2/4;;;;;;;;x
achievements_page_3_desc;Page 3/4;;;;;;;;x
achievements_page_4_desc;Page 4/4;;;;;;;;x
achievements_page_1_effect_desc;Page 1/4;;;;;;;;x
achievements_page_2_effect_desc;Page 2/4;;;;;;;;x
achievements_page_3_effect_desc;Page 3/4;;;;;;;;x
achievements_page_3_effect_desc;Page 4/4;;;;;;;;x
achievements_next_page;Next Page;;;;;;;;x
achievements_previous_page;Previous Page;;;;;;;;x
achievements_next_page_desc;Move to the next page.;;;;;;;;x
achievements_previous_page_desc;Move to the previous page.;;;;;;;;x
ACHIEVEMENTS_BIG_TEXT;Achievements;;;;;;;;x
ACHIEVEMENTS_always_bet_on_duke;Always Bet On Duke;;;;;;;;;;;;;x
ACHIEVEMENTS_always_bet_on_duke_DESC;Work your way up from Count to Duke with a single character;;;;;;;;;;;;;x
ACHIEVEMENTS_better_be_emperor;It's Better to be the Emperor;;;;;;;;;;;;;x
ACHIEVEMENTS_better_be_emperor_DESC;Work your way up from Count to Emperor with a single character;;;;;;;;;;;;;x
ACHIEVEMENTS_beyond_the_indus;Beyond the Indus;;;;;;;;;;;;;x
ACHIEVEMENTS_beyond_the_indus_DESC;As a ruler of non-Indian culture, conquer a King or Emperor title in India;;;;;;;;;;;;;x
ACHIEVEMENTS_black_bishop;The Black Bishop;;;;;;;;;;;;;x
ACHIEVEMENTS_black_bishop_DESC;Fund an immoral bishop and get him elected Pope;;;;;;;;;;;;;x
ACHIEVEMENTS_black_pope;Black Pope;;;;;;;;;;;;;x
ACHIEVEMENTS_black_pope_DESC;Have a priest you corrupted (as a Satanist) become Pope.;;;;;;;;;;;;;x
ACHIEVEMENTS_black_widow;Black Widow;;;;;;;;;;;;;x
ACHIEVEMENTS_black_widow_DESC;As a woman, have three different husbands killed;;;;;;;;;;;;;x
ACHIEVEMENTS_blessed_reign_in_africa;Bless my Reign down in Africa;;;;;;;;;;;;;x
ACHIEVEMENTS_blessed_reign_in_africa_DESC;As a King or Emperor, have one of your domain [sic] Counties under the influence of a successful Rain Dance.;;;;;;;;;;;;;x
ACHIEVEMENTS_brings_benefit;The One Who Brings Benefit;;;;;;;;;;;;;x
ACHIEVEMENTS_brings_benefit_DESC;As a Zoroastrian, become the prophesied Saoshyant;;;;;;;;;;;;;x
ACHIEVEMENTS_bring_it_on;Bring it On;;;;;;;;;;;;;x
ACHIEVEMENTS_bring_it_on_DESC;Win 7 duels with one character;;;;;;;;;;;;;x
ACHIEVEMENTS_by_the_gods;By the Gods;;;;;;;;;;;;;x
ACHIEVEMENTS_by_the_gods_DESC;Gain the Theologian trait;;;;;;;;;;;;;x
ACHIEVEMENTS_casanova;Casanova;;;;;;;;;;;;;x
ACHIEVEMENTS_casanova_DESC;Successfully seduce 10 people by targeted seduction with one character;;;;;;;;;;;;;x
ACHIEVEMENTS_celebrity;Celebrity;;;;;;;;;;;;;x
ACHIEVEMENTS_celebrity_DESC;Amass more than 15,000 in prestige;;;;;;;;;;;;;x
ACHIEVEMENTS_crusader;Crusader;;;;;;;;;;;;;x
ACHIEVEMENTS_crusader_DESC;Fulfill the goal of a Crusade;;;;;;;;;;;;;x
ACHIEVEMENTS_dark_lord;Dark Lord;;;;;;;;;;;;;x
ACHIEVEMENTS_dark_lord_DESC;Become Grandmaster of any devil-worshiper society.;;;;;;;;;;;;;x
ACHIEVEMENTS_death_do_us_part;Until Death Do Us Part;;;;;;;;;;;;;x
ACHIEVEMENTS_death_do_us_part_DESC;Have your spouse assassinated;;;;;;;;;;;;;x
ACHIEVEMENTS_decadent_warrior;Decadent Warrior;;;;;;;;;;;;;x
ACHIEVEMENTS_decadent_warrior_DESC;As a Muslim, crush a Decadence revolt;;;;;;;;;;;;;x
ACHIEVEMENTS_divine_blood;Divine Blood;;;;;;;;;;;;;x
ACHIEVEMENTS_divine_blood_DESC;Achieve a score of 100,000;;;;;;;;;;;;;x
ACHIEVEMENTS_doge_elect;Mr. Doge-Elect;;;;;;;;;;;;;x
ACHIEVEMENTS_doge_elect_DESC;As a Patrician, win an election and become Doge;;;;;;;;;;;;;x
ACHIEVEMENTS_dragon_blood;Dragon Blood;;;;;;;;;;;;;x
ACHIEVEMENTS_dragon_blood_DESC;Achieve a score of 50,000;;;;;;;;;;;;;x
ACHIEVEMENTS_dream_home;Dream Home;;;;;;;;;;;;;x
ACHIEVEMENTS_dream_home_DESC;As a Patrician dynasty, build every upgrade for your Family Palace;;;;;;;;;;;;;x
ACHIEVEMENTS_dwarf_fortress;Dwarf Fortress;;;;;;;;;;;;;x
ACHIEVEMENTS_dwarf_fortress_DESC;Have seven courtiers with the Dwarf trait;;;;;;;;;;;;;x
ACHIEVEMENTS_empressive;Empressive;;;;;;;;;;;;;x
ACHIEVEMENTS_empressive_DESC;Play as three consecutive generations of empresses;;;;;;;;;;;;;x
ACHIEVEMENTS_eternity_denied;Eternity Denied;;;;;;;;;;;;;x
ACHIEVEMENTS_eternity_denied_DESC;Kill a character with the Immortal trait;;;;;;;;;;;;;x
ACHIEVEMENTS_exalted_among_men;Exalted Among Men;;;;;;;;;;;;;x
ACHIEVEMENTS_exalted_among_men_DESC;Fulfill the Become Exalted ambition;;;;;;;;;;;;;x
ACHIEVEMENTS_family_bliss;Family Bliss;;;;;;;;;;;;;x
ACHIEVEMENTS_family_bliss_DESC;Have 6 close family members as friends;;;;;;;;;;;;;x
ACHIEVEMENTS_family_first;Family First;;;;;;;;;;;;;x
ACHIEVEMENTS_family_first_DESC;As a character with a religion that practice Divine Marriages, have one of your siblings, parents and children as spouses/consorts at the same time.;;;;;;;;;;;;;x
ACHIEVEMENTS_follow_me;Follow Me;;;;;;;;;;;;;x
ACHIEVEMENTS_follow_me_DESC;Successfully intervene in a youth's development to force one of your own traits onto them.;;;;;;;;;;;;;x
ACHIEVEMENTS_from_servant_to_saint;From Servant to Saint;;;;;;;;;;;;;x
ACHIEVEMENTS_from_servant_to_saint_DESC;Have a character you used to play be proclaimed a saint and have their Saintly Bloodline running in your veins.;;;;;;;;;;;;;x
ACHIEVEMENTS_full_house;Full House;;;;;;;;;;;;;x
ACHIEVEMENTS_full_house_DESC;Sire five children;;;;;;;;;;;;;x
ACHIEVEMENTS_good_to_be_king;It's Good to be the King;;;;;;;;;;;;;x
ACHIEVEMENTS_good_to_be_king_DESC;Work your way up from Count to King with a single character;;;;;;;;;;;;;x
ACHIEVEMENTS_go_west_young_mongol;Go West Young Mongol;;;;;;;;;;;;;x
ACHIEVEMENTS_go_west_young_mongol_DESC;As a steppe horde, have an independent tributary King or Emperor in the British Isles;;;;;;;;;;;;;x
ACHIEVEMENTS_great_hunter;Great Hunter;;;;;;;;;;;;;x
ACHIEVEMENTS_great_hunter_DESC;Kill your prey in the Epic Hunt;;;;;;;;;;;;;x
ACHIEVEMENTS_great_indian_sultanate;Great Indian Sultanate;;;;;;;;;;;;;x
ACHIEVEMENTS_great_indian_sultanate_DESC;Rule the Empire of Rajastan and convert all its provinces to Islam;;;;;;;;;;;;;x
ACHIEVEMENTS_headhunter;Headhunter;;;;;;;;;;;;;x
ACHIEVEMENTS_headhunter_DESC;Found a Bloodline as a particularly cunning, ruthless and skilled Duelist.;;;;;;;;;;;;;x
ACHIEVEMENTS_history_is_in_my_blood;History is in my Blood;;;;;;;;;;;;;x
ACHIEVEMENTS_history_is_in_my_blood_DESC;Have 5 Historical Bloodlines on your character.;;;;;;;;;;;;;x
ACHIEVEMENTS_holy_smoke;Holy Smoke;;;;;;;;;;;;;x
ACHIEVEMENTS_holy_smoke_DESC;Sacrifice another a religious head as a character with a religion that practice Ritual Sacrifice;;;;;;;;;;;;;x
ACHIEVEMENTS_hospitable;Hospitable;;;;;;;;;;;;;x
ACHIEVEMENTS_hospitable_DESC;Build a Hospital.;;;;;;;;;;;;;x
ACHIEVEMENTS_in_the_family;Keeping it in the Family;;;;;;;;;;;;;x
ACHIEVEMENTS_in_the_family_DESC;Sire a child that has the Inbred trait;;;;;;;;;;;;;x
ACHIEVEMENTS_i_am_the_law;I am the Law;;;;;;;;;;;;;x
ACHIEVEMENTS_i_am_the_law_DESC;As a vassal use a favor to change a law.;;;;;;;;;;;;;x
ACHIEVEMENTS_i_can_see_its_stripes;I can see its Stripes;;;;;;;;;;;;;x
ACHIEVEMENTS_i_can_see_its_stripes_DESC;Kill a tiger by your own hand;;;;;;;;;;;;;x
ACHIEVEMENTS_i_do_not_play_chess;I Do Not Play Chess;;;;;;;;;;;;;x
ACHIEVEMENTS_i_do_not_play_chess_DESC;Have 100 kills in your Kill List.;;;;;;;;;;;;;x
ACHIEVEMENTS_lets_go_out_into_the_field;Let's go out into the Field;;;;;;;;;;;;;x
ACHIEVEMENTS_lets_go_out_into_the_field_DESC;Defeat a sibling in a war using the rival casus belli.;;;;;;;;;;;;;x
ACHIEVEMENTS_lets_play;Let's Play;;;;;;;;;;;;;x
ACHIEVEMENTS_lets_play_DESC;Gain the Hedonist trait through carousing;;;;;;;;;;;;;x
ACHIEVEMENTS_looking_east_and_west;Looking East and West;;;;;;;;;;;;;x
ACHIEVEMENTS_looking_east_and_west_DESC;Be Emperor of both Persia and Rajastan;;;;;;;;;;;;;x
ACHIEVEMENTS_love_is_a_battlefield;Love is a Battlefield;;;;;;;;;;;;;x
ACHIEVEMENTS_love_is_a_battlefield_DESC;Find love after a duel.;;;;;;;;;;;;;x
ACHIEVEMENTS_many_arrows;One Arrow Alone can be Easily Broken but Many Arrows are IndestructibleOne Arrow Alone can be Easily Broken but Many Arrows are Indestructible;;;;;;;;;;;;;x
ACHIEVEMENTS_many_arrows_DESC;As a steppe horde, have a population of 150 000.;;;;;;;;;;;;;x
ACHIEVEMENTS_merchant_prince;Merchant Prince;;;;;;;;;;;;;x
ACHIEVEMENTS_merchant_prince_DESC;Amass more than 20,000 in wealth;;;;;;;;;;;;;x
ACHIEVEMENTS_mudslinger;Mudslinger;;;;;;;;;;;;;x
ACHIEVEMENTS_mudslinger_DESC;Successfully slander 20 people with one character;;;;;;;;;;;;;x
ACHIEVEMENTS_my_very_own_subcontinent;My Very Own Subcontinent;;;;;;;;;;;;;x
ACHIEVEMENTS_my_very_own_subcontinent_DESC;Become Samrat Chakravartin;;;;;;;;;;;;;x
ACHIEVEMENTS_new_ways;New Ways for Old Gods;;;;;;;;;;;;;x
ACHIEVEMENTS_new_ways_DESC;Reform one of the Pagan religions;;;;;;;;;;;;;x
ACHIEVEMENTS_not_a_tribe;Not a Tribe;;;;;;;;;;;;;x
ACHIEVEMENTS_not_a_tribe_DESC;Play as a Tribal Ruler and Reform to Feudalism;;;;;;;;;;;;;x
ACHIEVEMENTS_no_solicitors;No Solicitors;;;;;;;;;;;;;x
ACHIEVEMENTS_no_solicitors_DESC;Go into Seclusion.;;;;;;;;;;;;;x
ACHIEVEMENTS_off_with_their_heads;Off with their heads!;;;;;;;;;;;;;x
ACHIEVEMENTS_off_with_their_heads_DESC;Execute 10 or more prisoners in a single action.;;;;;;;;;;;;;x
ACHIEVEMENTS_one_is_not_amused;One is not Amused;;;;;;;;;;;;;x
ACHIEVEMENTS_one_is_not_amused_DESC;As a ruler have a council that is not content.;;;;;;;;;;;;;x
ACHIEVEMENTS_over_your_dead_body;Over Your Dead Body;;;;;;;;;;;;;x
ACHIEVEMENTS_over_your_dead_body_DESC;As a Tribal ruler, gain a title you have a claim on by duelling the holder.;;;;;;;;;;;;;x
ACHIEVEMENTS_pagan_fury;Pagan Fury;;;;;;;;;;;;;x
ACHIEVEMENTS_pagan_fury_DESC;As a ruler with any Pagan religion, win a Christian Crusade targeting you.;;;;;;;;;;;;;x
ACHIEVEMENTS_papal_mache;Papal Mache;;;;;;;;;;;;;x
ACHIEVEMENTS_papal_mache_DESC;Have elephants trample the Pope/Caliph.;;;;;;;;;;;;;x
ACHIEVEMENTS_paragon_of_virtue;Paragon of Virtue;;;;;;;;;;;;;x
ACHIEVEMENTS_paragon_of_virtue_DESC;Fulfill the Paragon of Virtue ambition;;;;;;;;;;;;;x
ACHIEVEMENTS_pay_to_win;Pay to Win;;;;;;;;;;;;;x
ACHIEVEMENTS_pay_to_win_DESC;Win a war using Mercenaries.;;;;;;;;;;;;;x
ACHIEVEMENTS_peace_in_our_time;Peace in Our Time;;;;;;;;;;;;;x
ACHIEVEMENTS_peace_in_our_time_DESC;Enforce peace for 6 or more vassals.;;;;;;;;;;;;;x
ACHIEVEMENTS_pentarch;Pentarch;;;;;;;;;;;;;x
ACHIEVEMENTS_pentarch_DESC;As an Orthodox Christian, hold Rome, Constantinople, Alexandria, Antioch and Jerusalem;;;;;;;;;;;;;x
ACHIEVEMENTS_pilgrim;Pilgrim;;;;;;;;;;;;;x
ACHIEVEMENTS_pilgrim_DESC;Go on a Christian Pilgrimage;;;;;;;;;;;;;x
ACHIEVEMENTS_prodigious_five;Prodigious Five;;;;;;;;;;;;;x
ACHIEVEMENTS_prodigious_five_DESC;Have at least one child with each of the five level four education traits.;;;;;;;;;;;;;x
ACHIEVEMENTS_res_publica;Res Publica;;;;;;;;;;;;;x
ACHIEVEMENTS_res_publica_DESC;Play as a Tribal Ruler and Reform to Merchant Republic;;;;;;;;;;;;;x
ACHIEVEMENTS_royal_blood;Royal Blood;;;;;;;;;;;;;x
ACHIEVEMENTS_royal_blood_DESC;Achieve a score of 10,000;;;;;;;;;;;;;x
ACHIEVEMENTS_run_with_the_wolf;Run With the Wolf;;;;;;;;;;;;;x
ACHIEVEMENTS_run_with_the_wolf_DESC;Play as a character with Wolf's Blood.;;;;;;;;;;;;;x
ACHIEVEMENTS_saint;Saint;;;;;;;;;;;;;x
ACHIEVEMENTS_saint_DESC;Amass more than 10,000 in piety;;;;;;;;;;;;;x
ACHIEVEMENTS_saint_thomas_dream;Saint Thomas's Dream;;;;;;;;;;;;;x
ACHIEVEMENTS_saint_thomas_dream_DESC;Rule an Indian Kingdom or Empire as a Christian and convert all its provinces;;;;;;;;;;;;;x
ACHIEVEMENTS_scarrrrrred_for_life;Scarrrrrred for Life;;;;;;;;;;;;;x
ACHIEVEMENTS_scarrrrrred_for_life_DESC;Become One-Eyed, One-Legged and One-Handed.;;;;;;;;;;;;;x
ACHIEVEMENTS_shadow_prince;Shadow Prince;;;;;;;;;;;;;x
ACHIEVEMENTS_shadow_prince_DESC;Sit on the council and have every other council member as well as the ruler owing you a favor.;;;;;;;;;;;;;x
ACHIEVEMENTS_someone_paid_to_win;Mercotransaction;;;;;;;;;;;;;x
ACHIEVEMENTS_someone_paid_to_win_DESC;Create a mercenary band and have them bring in money for you.;;;;;;;;;;;;;x
ACHIEVEMENTS_stargazer;Stargazer;;;;;;;;;;;;;x
ACHIEVEMENTS_stargazer_DESC;Build an Observatory;;;;;;;;;;;;;x
ACHIEVEMENTS_steppe_by_steppe;Steppe by Steppe;;;;;;;;;;;;;x
ACHIEVEMENTS_steppe_by_steppe_DESC;As a steppe horde, conquer the whole steppe region.;;;;;;;;;;;;;x
ACHIEVEMENTS_sword_ploughshare;Sword to Ploughshare;;;;;;;;;;;;;x
ACHIEVEMENTS_sword_ploughshare_DESC;Settle a steppe mercenary with more than 20 martial in your lands.;;;;;;;;;;;;;x
ACHIEVEMENTS_ten_thrones;Ten Thrones;;;;;;;;;;;;;x
ACHIEVEMENTS_ten_thrones_DESC;Have your dynasty rule 10 independent Feudal/Iqta/Monastic Feudal Kingdoms or Empires with at least 25 realm size each. You must be one of them.;;;;;;;;;;;;;x
ACHIEVEMENTS_there_can_be_only_one;There Can Be Only One;;;;;;;;;;;;;x
ACHIEVEMENTS_there_can_be_only_one_DESC;Become immortal.;;;;;;;;;;;;;x
ACHIEVEMENTS_the_holy_places;Protector of the Holy Places;;;;;;;;;;;;;x
ACHIEVEMENTS_the_holy_places_DESC;Have Rome, Jerusalem, Mecca and Medina within your Realm;;;;;;;;;;;;;x
ACHIEVEMENTS_the_marriage_game;The Marriage Game;;;;;;;;;;;;;x
ACHIEVEMENTS_the_marriage_game_DESC;Marry another character;;;;;;;;;;;;;x
ACHIEVEMENTS_the_yes_men;The Yes Men;;;;;;;;;;;;;x
ACHIEVEMENTS_the_yes_men_DESC;Have all members of your council be Loyalists.;;;;;;;;;;;;;x
ACHIEVEMENTS_to_mecca;To Mecca!;;;;;;;;;;;;;x
ACHIEVEMENTS_to_mecca_DESC;Go on a Hajj to Mecca;;;;;;;;;;;;;x
ACHIEVEMENTS_trade_empire;Trade Empire;;;;;;;;;;;;;x
ACHIEVEMENTS_trade_empire_DESC;Your Republic maintains trade posts in 80 provinces;;;;;;;;;;;;;x
ACHIEVEMENTS_turbulent_priest;Turbulent Priest;;;;;;;;;;;;;x
ACHIEVEMENTS_turbulent_priest_DESC;Assassinate a vassal bishop that likes the Pope better than you;;;;;;;;;;;;;x
ACHIEVEMENTS_typhoid_mary;Typhoid Mary;;;;;;;;;;;;;x
ACHIEVEMENTS_typhoid_mary_DESC;Contract three symptoms.;;;;;;;;;;;;;x
ACHIEVEMENTS_unwelcome_visitors;Unwelcome Visitors;;;;;;;;;;;;;x
ACHIEVEMENTS_unwelcome_visitors_DESC;As an assassin, assassinate a Crusader King in the Holy land.;;;;;;;;;;;;;x
ACHIEVEMENTS_were_in_business;We're In Business;;;;;;;;;;;;;x
ACHIEVEMENTS_were_in_business_DESC;Successfully establish a trade route;;;;;;;;;;;;;x
ACHIEVEMENTS_wise_guy;Wise Guy;;;;;;;;;;;;;x
ACHIEVEMENTS_wise_guy_DESC;Gain the Legendary Wisdom modifier;;;;;;;;;;;;;x
ACHIEVEMENTS_you_owe_me;You Owe Me;;;;;;;;;;;;;x
ACHIEVEMENTS_you_owe_me_DESC;Have someone owe you a Favor;;;;;;;;;;;;;x
ACHIEVEMENTS_zero_to_hero;Zero to Hero;;;;;;;;;;;;;x
ACHIEVEMENTS_zero_to_hero_DESC;Found a Legendary Bloodline while part of a Warrior Lodge.;;;;;;;;;;;;;x
ACHIEVEMENTS_bloody_line;Bloody Line;;;;;;;;;;;;;x
ACHIEVEMENTS_bloody_line_DESC;As a religion worshipping Bloodthirsty Gods, sacrifice enough people to found a Bloodline.;;;;;;;;;;;;;x
ACHIEVEMENTS_a_pope_of_my_own;A Pope of My Own;;;;;;;;;;;;;x
ACHIEVEMENTS_a_pope_of_my_own_DESC;Set up an antipope;;;;;;;;;;;;;x
ACHIEVEMENTS_all_three_popes;All Three Popes;;;;;;;;;;;;;x
ACHIEVEMENTS_all_three_popes_DESC;Play a game where there are two simultaneous antipopes;;;;;;;;;;;;;x
ACHIEVEMENTS_in_varietate_concordia;In Variete Concordia;;;;;;;;;;;;;x
ACHIEVEMENTS_in_varietate_concordia_DESC;Form the European Union;;;;;;;;;;;;;x
ACHIEVEMENTS_who_are_we_playing_against;And Who Are We Playing Against?;;;;;;;;;;;;;x
ACHIEVEMENTS_who_are_we_playing_against_DESC;Form Austria-Hungary or Hungary-Austria;;;;;;;;;;;;;x
ACHIEVEMENTS_north;North;;;;;;;;;;;;;x
ACHIEVEMENTS_north_DESC;Why? In God's name Why?;;;;;;;;;;;;;x
ACHIEVEMENTS_liberte;Liberté;;;;;;;;;;;;;x
ACHIEVEMENTS_liberte_DESC;Switch to the leader of the Jacobinist Revolution and win.;;;;;;;;;;;;;x
ACHIEVEMENTS_egalite;Égalité;;;;;;;;;;;;;x
ACHIEVEMENTS_egalite_DESC;Make the greatest sacrifice to Madame Guillotine.;;;;;;;;;;;;;x
ACHIEVEMENTS_fraternite;Fraternité;;;;;;;;;;;;;x
ACHIEVEMENTS_fraternite_DESC;Have whole Europe controlled by Jacobinist realms, including 5 independent Kingdoms or Empires with at least 25 realm size each. You must hold one of them.;;;;;;;;;;;;;x
ACHIEVEMENTS_419_eater;419 Eater;;;;;;;;;;;;;x
ACHIEVEMENTS_419_eater_DESC;Waste the time of a Nigerian Prince.;;;;;;;;;;;;;x
ACHIEVEMENTS_no_deal;No Deal;;;;;;;;;;;;;x
ACHIEVEMENTS_no_deal_DESC;As the Emperor of the European Union, crack down a British Independence Rebellion.;;;;;;;;;;;;;x
ACHIEVEMENTS_cant_trust_the_irish;Can't Trust The Irish;;;;;;;;;;;;;x
ACHIEVEMENTS_cant_trust_the_irish_DESC;As an Irish character, rule the Empire of Britannia.;;;;;;;;;;;;;x
ACHIEVEMENTS_ireland_through_us;Ireland Through Us Strikes For Her Freedom;;;;;;;;;;;;;x
ACHIEVEMENTS_ireland_through_us_DESC;As an Irish Catholic character, rule the independent Kingdom of Ireland.;;;;;;;;;;;;;x
ACHIEVEMENTS_not_so_lonely;Not So Lonely;;;;;;;;;;;;;x
ACHIEVEMENTS_not_so_lonely_DESC;As the Catholic King of Portugal, border another independent Catholic King or Emperor.;;;;;;;;;;;;;x
ACHIEVEMENTS_return_of_zoroaster;Return Of Zoroaster;;;;;;;;;;;;;x
ACHIEVEMENTS_return_of_zoroaster_DESC;As a Zoroastrian ruler with the blood of Kyrus the Apostate, become the King of Kurdistan.;;;;;;;;;;;;;x
ACHIEVEMENTS_laudable;Laudable;;;;;;;;;;;;;x
ACHIEVEMENTS_laudable_DESC;Become a Laureate.;;;;;;;;;;;;;x
ACHIEVEMENTS_atta_turk;'Atta Turk;;;;;;;;;;;;;x
ACHIEVEMENTS_atta_turk_DESC;Form the Ottoman Empire.;;;;;;;;;;;;;x
ACHIEVEMENTS_purple_phoenix;Purple Phoenix;;;;;;;;;;;;;x
ACHIEVEMENTS_purple_phoenix_DESC;Form the Byzantine Empire.;;;;;;;;;;;;;x
ACHIEVEMENTS_community_feedback;Community Feedback;;;;;;;;;;;;;x
ACHIEVEMENTS_community_feedback_DESC;Express our honest opinion in a bit cruel way.;;;;;;;;;;;;;x
ACHIEVEMENTS_the_natural_state;The Natural State;;;;;;;;;;;;;x
ACHIEVEMENTS_the_natural_state_DESC;As a Reformed Druidic character, rule the Empire of Britannia.;;;;;;;;;;;;;x
ACHIEVEMENTS_one_more_try;One More Try;;;;;;;;;;;;;x
ACHIEVEMENTS_one_more_try_DESC;Form the CCCP.;;;;;;;;;;;;;x
ACHIEVEMENTS_silver_chariot;Silver Chariot;;;;;;;;;;;;;x
ACHIEVEMENTS_silver_chariot_DESC;As a French Ironist character, build a chariot.;;;;;;;;;;;;;x
ACHIEVEMENTS_intriguing_reading;Intriguing Reading;;;;;;;;;;;;;x
ACHIEVEMENTS_intriguing_reading_DESC;As a Vagarna character, recreate an ancient book and convert to another religion because of it.;;;;;;;;;;;;;x
ACHIEVEMENTS_no_this_isnt_how_youre;No! This Isn't How You're Supposed to Play the Game!;;;;;;;;;;;;;x
ACHIEVEMENTS_no_this_isnt_how_youre_DESC;Kill one of the characters representing a developer.;;;;;;;;;;;;;x
ACHIEVEMENTS_wwwww;WWWWW;;;;;;;;;;;;;x
ACHIEVEMENTS_wwwww_DESC;Form the British Raj.;;;;;;;;;;;;;x
ACHIEVEMENTS_sikh_empire_bro;Sikh Empire Bro;;;;;;;;;;;;;x
ACHIEVEMENTS_sikh_empire_bro_DESC;Form the Sikh Empire.;;;;;;;;;;;;;x
ACHIEVEMENTS_equal_outcome;Equal Outcome;;;;;;;;;;;;;x
ACHIEVEMENTS_equal_outcome_DESC;As a Bahai ruler, have 3 of your daughters and 3 of your sons holding a duchy, kingdom or empire each.;;;;;;;;;;;;;x
ACHIEVEMENTS_made_in_siberia;Made In Siberia;;;;;;;;;;;;;x
ACHIEVEMENTS_made_in_siberia_DESC;As Siberia, have maximum level economy tech in your capital.;;;;;;;;;;;;;x
ACHIEVEMENTS_censored;Censored;;;;;;;;;;;;;x
ACHIEVEMENTS_censored_DESC;Kill a member of House Golden Bear.;;;;;;;;;;;;;x
ACHIEVEMENTS_laugh_please;Laugh Please;;;;;;;;;;;;;x
ACHIEVEMENTS_laugh_please_DESC;Seduce one of the Popes.;;;;;;;;;;;;;x
ACHIEVEMENTS_march_of_engels;March Of Engels;;;;;;;;;;;;;x
ACHIEVEMENTS_march_of_engels_DESC;As a German member of a Communist religion, have the Organizer leadership trait.;;;;;;;;;;;;;x
ACHIEVEMENTS_pontifex_marximus;Pontifex Marximus;;;;;;;;;;;;;x
ACHIEVEMENTS_pontifex_marximus_DESC;As a member of a Communist religion, control Rome.;;;;;;;;;;;;;x
ACHIEVEMENTS_titos_legacy;Tito's Legacy;;;;;;;;;;;;;x
ACHIEVEMENTS_titos_legacy_DESC;As a Titoist character, hold empire of Yugoslavia.;;;;;;;;;;;;;x
ACHIEVEMENTS_walk_into_mordor;One does not simply walk into Mordor.;;;;;;;;;;;;;x
ACHIEVEMENTS_walk_into_mordor_DESC;Hold the Duchy of Mordor as a Novelist Character.;;;;;;;;;;;;;x
ACHIEVEMENTS_khilafat_eahmadiyyat;Khilafat e-Ahmadiyyat;;;;;;;;;;;;;x
ACHIEVEMENTS_khilafat_eahmadiyyat_DESC;Hold Mecca and Medina as the Ahmadiyyah Caliph.;;;;;;;;;;;;;x
ACHIEVEMENTS_but_not_on_this_day;But Not On This Day;;;;;;;;;;;;;x
ACHIEVEMENTS_but_not_on_this_day_DESC;As the King of Gondor or Numenor, defend against an invasion event.;;;;;;;;;;;;;x
ACHIEVEMENTS_safe_way_to_atlantis;Safe Way To Atlantis;;;;;;;;;;;;;x
ACHIEVEMENTS_safe_way_to_atlantis_DESC;Reform the Hellenic faith using the Sea-bound doctrine without crashing.;;;;;;;;;;;;;x
ACHIEVEMENTS_seven_pillars_of_wisdom;Seven Pillars Of Wisdom;;;;;;;;;;;;;x
ACHIEVEMENTS_seven_pillars_of_wisdom_DESC;As a British character become king of Arabia.;;;;;;;;;;;;;x
ACHIEVEMENTS_carolus_rex;Carolus Rex;;;;;;;;;;;;;x
ACHIEVEMENTS_carolus_rex_DESC;As king of Sweden and Stockholmer culture, control Moscow.;;;;;;;;;;;;;x
ACHIEVEMENTS_czech_mate;Czech Mate;;;;;;;;;;;;;x
ACHIEVEMENTS_czech_mate_DESC;Beat Death at chess as a Czech Character.;;;;;;;;;;;;;x
ACHIEVEMENTS_13th_scene;13th Scene;;;;;;;;;;;;;x
ACHIEVEMENTS_13th_scene_DESC;Leave the Earth.;;;;;;;;;;;;;x
ACHIEVEMENTS_and_my_axe;And My Axe!;;;;;;;;;;;;;x
ACHIEVEMENTS_and_my_axe_DESC;Own an axe as a Novelist character with the Dwarf trait.;;;;;;;;;;;;;x
ACHIEVEMENTS_vive_le_empereur;Vive Le Empereur;;;;;;;;;;;;;x
ACHIEVEMENTS_vive_le_empereur_DESC;As a Corsican character with dwarf trait, create the Empire of Francia.;;;;;;;;;;;;;x
ACHIEVEMENTS_on_british_neck;On British Neck a German Yoke;;;;;;;;;;;;;x
ACHIEVEMENTS_on_british_neck_DESC;As any Germanic culture character, eat a British character.;;;;;;;;;;;;;x
ACHIEVEMENTS_february_7_1889;February 7, 1889;;;;;;;;;;;;;x
ACHIEVEMENTS_february_7_1889_DESC;Kill Jonathan Joestar.;;;;;;;;;;;;;x
ACHIEVEMENTS_hammer_of_the_hindus;Hammer Of The Hindus;;;;;;;;;;;;;x
ACHIEVEMENTS_hammer_of_the_hindus_DESC;As a Muslim with the Hindu-Hammer's bloodline, defeat a Bhagavanist Great Holy War.;;;;;;;;;;;;;x
ACHIEVEMENTS_intolerating_the_intolerant;Intolerating The Intolerant;;;;;;;;;;;;;x
ACHIEVEMENTS_intolerating_the_intolerant_DESC;As a Neo-Vedantic ruler, eradicate all Bhagavanist provinces from India.;;;;;;;;;;;;;x
ACHIEVEMENTS_duel_of_destinies;Duel Of Destinies;;;;;;;;;;;;;x
ACHIEVEMENTS_duel_of_destinies_DESC;As a religious head, kill another religious head in a duel.;;;;;;;;;;;;;x
ACHIEVEMENTS_unpersoned;Unpersoned;;;;;;;;;;;;;x
ACHIEVEMENTS_unpersoned_DESC;As a Stalinist character, accuse a friend of treason and leave him to die in your prison.;;;;;;;;;;;;;x
ACHIEVEMENTS_count_of_montecristo;Count Of Montecristo;;;;;;;;;;;;;x
ACHIEVEMENTS_count_of_montecristo_DESC;As a Novelist, kill someone that had previously imprisoned you.;;;;;;;;;;;;;x
ACHIEVEMENTS_speedwagon_foundation;Speedwagon Foundation;;;;;;;;;;;;;x
ACHIEVEMENTS_speedwagon_foundation_DESC;Assemble a Mercenary group with a member of House Speedwagon as leader.;;;;;;;;;;;;;x
ACHIEVEMENTS_destiny_arrives_all_the_same;Destiny Arrives All The Same;;;;;;;;;;;;;x
ACHIEVEMENTS_destiny_arrives_all_the_same_DESC;As a ruler from House Spatstone, launch the invasion of America.;;;;;;;;;;;;;x
ACHIEVEMENTS_dungeons_dragos;Dungeons&Dragos;;;;;;;;;;;;;x
ACHIEVEMENTS_dungeons_dragos_DESC;As a member of House Dragos, imprison and read poetry to 50 people.;;;;;;;;;;;;;x
ACHIEVEMENTS_war_in_heaven;War In Heaven;;;;;;;;;;;;;x
ACHIEVEMENTS_war_in_heaven_DESC;As Bhutan, invade Nigeria.;;;;;;;;;;;;;x
ACHIEVEMENTS_goliath;Goliath;;;;;;;;;;;;;x
ACHIEVEMENTS_goliath_DESC;As a ruler with Giant trait, win a duel with Israeli character.;;;;;;;;;;;;;x
ACHIEVEMENTS_golden_wind;Golden Wind;;;;;;;;;;;;;x
ACHIEVEMENTS_golden_wind_DESC;As a member of the Joestar family, have a member of your dynasty rule the Empire of Italy.;;;;;;;;;;;;;x
ACHIEVEMENTS_splitters;Splitters;;;;;;;;;;;;;x
ACHIEVEMENTS_splitters_DESC;As a Jewish character, win an independence war against the King of Israel.;;;;;;;;;;;;;x
ACHIEVEMENTS_the_cominformist_plot;The Cominformist Plot;;;;;;;;;;;;;x
ACHIEVEMENTS_the_cominformist_plot_DESC;As a Titoist ruler, secretly practice Stalinism while also being a member of the KGB.;;;;;;;;;;;;;x
ACHIEVEMENTS_founding_fathers;Founding Fathers;;;;;;;;;;;;;x
ACHIEVEMENTS_founding_fathers_DESC;Reform the Americanist faith using the Agnatic Clans doctrine.;;;;;;;;;;;;;x
ACHIEVEMENTS_revisionist;Revisionist;;;;;;;;;;;;;x
ACHIEVEMENTS_revisionist_DESC;As a Trokskyist ruler, execute a Stalinist ruler.;;;;;;;;;;;;;x
ACHIEVEMENTS_aptly_named;Aptly Named;;;;;;;;;;;;;x
ACHIEVEMENTS_aptly_named_DESC;Die from the Red Death.;;;;;;;;;;;;;x
ACHIEVEMENTS_i_got_better;I Got Better;;;;;;;;;;;;;x
ACHIEVEMENTS_i_got_better_DESC;Recover from the Red Death.;;;;;;;;;;;;;x
ACHIEVEMENTS_not_so_bad;Not So Bad;;;;;;;;;;;;;x
ACHIEVEMENTS_not_so_bad_DESC;Survive the End Times.;;;;;;;;;;;;;x
ACHIEVEMENTS_an_honest_mistake;An Honest Mistake;;;;;;;;;;;;;x
ACHIEVEMENTS_an_honest_mistake_DESC;From Seclusion, kick someone out who did not have the plague.;;;;;;;;;;;;;x
ACHIEVEMENTS_close_call;Close Call;;;;;;;;;;;;;x
ACHIEVEMENTS_close_call_DESC;From Seclusion, kick someone out who had the plague.;;;;;;;;;;;;;x
ACHIEVEMENTS_in_the_emperors_name;In The Emperor's Name!;;;;;;;;;;;;;x
ACHIEVEMENTS_in_the_emperors_name_DESC;Rule the Empire of Mann and have the Immortal trait.;;;;;;;;;;;;;x
ACHIEVEMENTS_tsar_bomba;Tsar Bomba;;;;;;;;;;;;;x
ACHIEVEMENTS_tsar_bomba_DESC;As a Russian character, reinvent the dynamite and keep it.;;;;;;;;;;;;;x
ACHIEVEMENTS_a_different_revolution;A Different Revolution;;;;;;;;;;;;;x
ACHIEVEMENTS_a_different_revolution_DESC;As a member of a Communist religion, convert a Jacobinist province.;;;;;;;;;;;;;x
###########
ACHIEVEMENTS_you_are_a_manchild;You are a Manchild;;;;;;;;;;;;;x
ACHIEVEMENTS_you_are_a_manchild_DESC;Rule Poggersdorf, Fucking and Bassée;;;;;;;;;;;;;x
ACHIEVEMENTS_good_old_russia;Good old Russia;;;;;;;;;;;;;x
ACHIEVEMENTS_good_old_russia_DESC;As an Old Believer, form the Russian Empire;;;;;;;;;;;;;x
ACHIEVEMENTS_moskau_moskau;Moskau Moskau;;;;;;;;;;;;;x
ACHIEVEMENTS_moskau_moskau_DESC;Control Moscow as a Khanist Kasachdeutsch;;;;;;;;;;;;;x
ACHIEVEMENTS_in_the_grim_darkness;In the grim darkness;;;;;;;;;;;;;x
ACHIEVEMENTS_in_the_grim_darkness_DESC;Win a Great Holy War as a Cadaverist;;;;;;;;;;;;;x
ACHIEVEMENTS_the_life_and_times_of_scrooge;The life and times of Scrooge;;;;;;;;;;;;;x
ACHIEVEMENTS_the_life_and_times_of_scrooge_DESC;As a greedy Scot, become the leader of the American invasion.;;;;;;;;;;;;;x
ACHIEVEMENTS_a_name_restored;A Name Restored;;;;;;;;;;;;;x
ACHIEVEMENTS_a_name_restored_DESC;As the King of Prussia, conquer the Duchy of Prussia.;;;;;;;;;;;;;x
ACHIEVEMENTS_seven_warlords_of_the_sea;Seven Warlords of the Sea;;;;;;;;;;;;;x
ACHIEVEMENTS_seven_warlords_of_the_sea_DESC;As a Sea Creed Emperor, have seven vassal Kings of the Sea Creed faith.;;;;;;;;;;;;;x
ACHIEVEMENTS_war_of_dependence;War of Dependence;;;;;;;;;;;;;x
ACHIEVEMENTS_war_of_dependence_DESC;Conquer Britain as the American Invaders.;;;;;;;;;;;;;x
ACHIEVEMENTS_the_kyllian_experience;The Kyllian Experience;;;;;;;;;;;;;x
ACHIEVEMENTS_the_kyllian_experience_DESC;As a Vagarna Swede, conquer Socotra. It can't be that hard, right?;;;;;;;;;;;;;x
ACHIEVEMENTS_novel_connoisseur;Novel Connoisseur;;;;;;;;;;;;;x
ACHIEVEMENTS_novel_connoisseur_DESC;Own 20 Book Artifacts deemed as fiction by non-Novelists.;;;;;;;;;;;;;x