become_genghis_khan;Unite the Saharan Nomads;;;;;;;;;x
become_genghis_khan_desc;Isma'il the Visionary achieved what had been thought impossible - uniting the Saharan nomads into a single great horde. His Empire spread across much of North Africa, but shattered upon his death. If I could reunite the nomads, perhaps I could equal or exceed his achievements...;;;;;;;;;x

form_zapadoslavia;Form Zapadoslavia;;;;;;;;;x,,,
form_zapadoslavia_tt;§Y[Root.GetBestName]§! creates §YZapadoslavia§!;;;;;;;;;x,,,
form_zapadoslavia_desc;Like the mighty Yugoslavia to the south, the Western Slav brothers must unite under one banner and do away with the borders that have long divided us.;;;;;;;;;x,,
,,,
form_austria_hungary;Form Austria-Hungary;;;;;;;;;x,,,
form_austria_hungary_tt;§Y[Root.GetBestName]§! creates §YAustria-Hungary§!\n§YCzechia§!, §YSlovakia§!, §YSlovania§! and §YCroatia§! will become De Jure parts of Austria-Hungary if their De Jure territory is compleatly controled by §Y[Root.GetBestName]§!;;;;;;;;;x,
form_austria_hungary_desc;It is said that once upon a time the lands of the Austrians and the lands of the Hungarians where united as a single Empire, and its Emperor ruled the world. Whether or not these stories are true, there is no denying how useful such a title will be.;;;;;;;;;x,
,,,
form_austria_romaia;Form Austria-Romaia;;;;;;;;;x,,,
form_austria_romaia_tt;§Y[Root.GetBestName]§! creates §YAustria-Romaia§!\n§YCzechia§!, §YSlovakia§!, §YSlovania§! and §YCroatia§! will become De Jure parts of Austria-Romaia if their De Jure territory is compleatly controled by §Y[Root.GetBestName]§!;;;;;;;;;x,
form_austria_romaia_desc;It is said that once upon a time the lands of the Austrians and the lands of the Hungarians where united as a single Empire, and its Emperor ruled the world. However, since now Hungary doesn't exists, we'll have to make do with what we have on our hands now.;;;;;;;;;x,
,,,
form_hungary_austria;Form Hungary-Austria;;;;;;;;;x,,,
form_hungary_austria_tt;§Y[Root.GetBestName]§! creates §YHungary-Austria§!\n§YCzechia§!, §YSlovakia§!, §YSlovania§! and §YCroatia§! will become De Jure parts of Austria-Hungary if their De Jure territory is compleatly controled by §Y[Root.GetBestName]§!;;;;;;;;;x,
form_hungary_austria_desc;It is said that once upon a time the lands of the Hungarians and the lands of the Austrians where united as a single Empire, and its Emperor ruled the world. Whether or not these stories are true, there is no denying how useful such a title will be.;;;;;;;;;x,
,,,
form_lusitania;Form Lusitania;;;;;;;;;x,,,
form_lusitania_desc;It is said that once upon a time Lusitania was a Great Power, controlling large areas of Iberia without the Spanish threat. Now is the time for us to proclaim our greatness once more!;;;;;;;;;x,,,
form_lusitania_tt;§Y[Root.GetBestName]§! creates §YLusitania§!.;;;;;;;;;x,
,,,
form_spain;Form Spain;;;;;;;;;x,,,
form_spain_desc;It is said that once upon a time Spain ruled the majority of Iberia. Now is the time for us to restore the great empire once more!;;;;;;;;;x,,,
form_spain_tt;§Y[Root.GetBestName]§! creates §YSpain§!.;;;;;;;;;x,
,,,
form_hui;Form the Tang Empire;;;;;;;;;x,,,
form_hui_tt;§Y[Root.GetBestName]§! creates §YTang Empire§!.;;;;;;;;;x,
form_hui_desc;A long time ago, a prosperous Chinese empire ruled these wild lands. As we have proven our resilience here, it is now time for us to declare the Tang Dynasty once more!;;;;;;;;;x,
,,,
form_heavenly;Form the Taiping Heavenly Kingdom;;;;;;;;;x,,,
form_heavenly_tt;§Y[Root.GetBestName]§! creates §YTaiping Kingdom§!.;;;;;;;;;x,
form_heavenly_desc;A long time ago, combined forces of evil destroyed the one true Kingdom of Heaven. As we have proven our resilience and conviction, it is now time for us to declare the Heavenly Kingdom once more!;;;;;;;;;x,
,,,
form_aragon;Form Aragon;;;;;;;;;x,,,
form_aragon_tt;§Y[Root.GetBestName]§! creates §YAragon§!.;;;;;;;;;x,
form_aragon_desc;A long time ago, the Crown of Aragon dominated the Mediterranean. As we have proven our resilience and power in this region, it is now time for us to declare Aragon once more!;;;;;;;;;x,
,,,
form_caucasia;Form Transcaucasia;;;;;;;;;x,,,
form_caucasia_tt;§Y[Root.GetBestName]§! creates §YTranscaucasia§!.;;;;;;;;;x,
form_caucasia_desc;A long time ago, the peoples of the South Caucasus unified to form Transcaucasia. But their attempts were in vain, as it collapsed as quickly as it was formed. Now that we have proven our unity and power in this region, it is now time for us to declare Transcaucasia once more!;;;;;;;;;x,
,,,
form_konkani;Form the Konkani Empire;;;;;;;;;x,,,
form_konkani_tt;§Y[Root.GetBestName]§! creates §YKonkani Empire§!.;;;;;;;;;x,
form_konkani_desc;A long time ago, a distant group of "Lusophones" came to India and created a prosperous empire. Although their empire is long gone, their legacy still stood the test of time. Now that we have proven our power in this region, it is now time for us to declare the Konkani Empire once more!;;;;;;;;;x,
,,,
form_swedish;Form the Swedish Empire;;;;;;;;;x,,,
form_swedish_tt;§Y[Root.GetBestName]§! creates §YSwedish Empire§!.;;;;;;;;;x,
form_swedish_desc;A long time ago, the ancient Swedes dominated this region, fighting off multiple coalitions wanting its splendor. Although that empire is long gone, their legacy still stood the test of time. Now that we have proven our power in this region, it is now time for us to declare the Swedish Empire once more!;;;;;;;;;x,
,,,
form_bulgaria;Form the Bulgarian Empire;;;;;;;;;x,,,
form_bulgaria_tt;§Y[Root.GetBestName]§! creates §YBulgarian Empire§!.;;;;;;;;;x,
form_bulgaria_desc;A long time ago, the ancient Bulgarians dominated this region, even defeating the formidable Romans. Although that empire is long gone, their legacy still stood the test of time. Now that we have gained independence from Yugoslavia, it is now time for us to declare the Bulgarian Empire once more!;;;;;;;;;x,
,,,
form_yuan;Form the Yuan Empire;;;;;;;;;x,,,
form_yuan_tt;§Y[Root.GetBestName]§! creates §YYuan Empire§!.;;;;;;;;;x,
form_yuan_desc;A long time ago, the Great Yuan ruled the world from Khanbaliq. Led by Genghis, the Empire brought never before seen prosperity. Soon after his death, civil war erupted, and the frail Yuan Shikai could no longer hold the realm together. Although that empire is long gone, our dynasty has reached grandeur, and thus it is now time for us to declare the Yuan Empire once more!;;;;;;;;;x,
,,,
form_baltic;Form the Baltic Union;;;;;;;;;x,,,
form_baltic_tt;§Y[Root.GetBestName]§! creates §YBaltic Union§!.;;;;;;;;;x,
form_baltic_desc;A long time ago, the ancient peoples of the Baltic united to stand against the invading Russians. Although that empire is long gone, we now have control over the region, and thus it is now time for us to declare the Baltic Union once more!;;;;;;;;;x,
,,,
form_norway;Form the Northern Union;;;;;;;;;x,,,
form_norway_tt;§Y[Root.GetBestName]§! creates §YNorthern Union§!.;;;;;;;;;x,
form_norway_desc;A long time ago, the ancient peoples of the North Sea attempted to united under a single banner. Although that idea had been abandoned for ages, we now have control over the region, and thus it is the perfect time to make the Northern Union idea come true!;;;;;;;;;x,
,,,
form_ilkhanate;Form the Ilkhanate;;;;;;;;;x,,,
form_ilkhanate_tt;§Y[Root.GetBestName]§! creates §YIlkhanate§!.;;;;;;;;;x,
form_ilkhanate_desc;A long time ago, the Persian region were dominated by our ancestors. Although that empire is long gone, we now have control over the region, and thus it is the perfect time to declare the Ilkhanate once more!;;;;;;;;;x,
,,,
form_chagatai;Form the Chagatai Khanate;;;;;;;;;x,,,
form_chagatai_tt;§Y[Root.GetBestName]§! creates §YChagatai Khanate§!.;;;;;;;;;x,
form_chagatai_desc;A long time ago, the Central Asian Steppes were dominated by our ancestors. Although that empire is long gone, we now have control over the region, and thus it is the perfect time to declare the Chagatai Khanate once more!;;;;;;;;;x,
,,,
form_golden_horde;Form the Golden Horde;;;;;;;;;x,,,
form_golden_horde_tt;§Y[Root.GetBestName]§! creates §YGolden Horde§!.;;;;;;;;;x,
form_golden_horde_desc;A long time ago, the Western Steppes were dominated by our ancestors. Although that empire is long gone, we now have control over the region, and thus it is the perfect time to declare the Golden Horde once more!;;;;;;;;;x,
,,,
form_uae;Form the United Arab Emirates;;;;;;;;;x,,,
form_uae_tt;§Y[Root.GetBestName]§! creates §YUnited Arab Emirates§!.;;;;;;;;;x,
form_uae_desc;A long time ago, our forefathers ruled this land with great prosperity. Although that republic is long gone, we now have asserted our dominance and wealth over the region, and thus it is the perfect time to declare the United Arab Emirates once more!;;;;;;;;;x,
,,,
form_greater_prussia;Form Greater Prussia;;;;;;;;;x,,,
form_greater_prussia_tt;§Y[Root.GetBestName]§! creates §YGreater Prussia§!. Additionally, §YEast Prussia§!, §YWest Prussia§!, §YSilesia§! and §YPosen§! will become De Jure parts of Kingdom of Prussia!;;;;;;;;;x,
form_greater_prussia_desc;It is said that once upon a time Prussia was a Great Empire, controlling all of Northern Germany and vast lands to the west. Thus far all attempts to recreate have been only met with failure and international embarrassment. But perhaps a sufficiently powerful Prussian could finally restore the rightful lands of Prussia?;;;;;;;;;x,
,,,
form_great_russia;Restore the Great Russia;;;;;;;;;x,,,
form_great_russia_tt;§Y[Root.GetBestName]§! restores §YGreat Russia§!;;;;;;;;;x,,,
form_great_russia_desc;The Legends speak of the times long lost where the all the Slavic people stood united under the mighty Great Russia. Perhaps a great enough ruler can bring these times back.;;;;;;;;;x,,,
,,,
form_cccp;Restore the CCCP;;;;;;;;;x,,,
form_cccp_tt;§Y[Root.GetBestName]§! restores §YThe CCCP§!;;;;;;;;;x,,,
form_cccp_desc;The Legends speak of the times long lost, where the all the Slavic people stood united under the mighty CCCP and it's great ruler Lord Stalin. Perhaps a great enough ruler can bring these times back.;;;;;;;;;x,,
,,,
form_mongol_empire;Restore the Mongol Empire;;;;;;;;;x,,,
form_mongol_empire_tt;§Y[Root.GetBestName]§! restores §YThe Mongol Empire§!;;;;;;;;;x,,,
form_mongol_empire_desc;The great legendary Hero Temujin was, at the height of his power betrayed and cast to the Red Menace. Although his loyal followers failed at ever finding him and freeing him from his prison, perhaps a great ruler can instead restore his legacy.;;;;;;;;;x,,
,,,
stalinist_fabricate_evidence;Fabricate Evidence of Treason;;;;;;;;;x,,,
stalinist_fabricate_evidence_desc;Traitors are everywhere! With enough digging we are sure to find proof of the perfidy of even the most apparently-loyal subject.;;;;;;;;;x,,,
,,,
form_british_raj;Form The Raj;;;;;;;;;x,,,
form_british_raj_desc;In ancient days, the people of India accepted the overlordship of The Queen, and this land was so bountiful that it was graced to be called the Jewel in Her Majesty's Crown. With our conquests of the most crucial cities of India, we can truly claim to be the successors to that great realm.;;;;;;;;;x
form_raj_tt;§Y[Root.GetBestName]§! creates §YThe British Raj§!.;;;;;;;;;x,,,
,,,
form_european_union;Restore the European Union;;;;;;;;;x,,,
form_european_union_desc;Legends tell of ancient times when all of Europe stood united as one. Perhaps a significantly powerful ruler may bring those times back?.;;;;;;;;;x,,,
form_european_union_tt;§Y[Root.GetBestName]§! restores §Ythe European Union§! Incorporate held European Kingdoms into the Union.;;;;;;;;;x,,,
,,,
form_shiv_sena;Form the Shiv Sena;;;;;;;;;x,,,
form_shiv_sena_desc;The Bhagavanist faith has never had a proper holy order dedicated solely to fighting the heretic. If I were powerful enough, I might be able to create such an order, bringing all of the faithful's most zealous warriors together under one banner.;;;;;;;;;x,
,,,
form_bharat;Form Bharat;;;;;;;;;x,,,
form_bharat_desc;Long ago, all Indians were united under a single Hindu Rashtra. If I become powerful enough, I could recreate that great Empire, creating great Bharat again!;;;;;;;;;x

form_crimea;Form Crimea;;;;;;;;;x,,,
form_crimea_desc;Form Crimea;;;;;;;;;x,,,
form_crimea_tt;§Y[Root.GetBestName]§! creates §YThe Kingom of Crimea§!.;;;;;;;;;x,,,

form_hellas_minor;Form Hellas Minor;;;;;;;;;x,,,
form_hellas_minor_desc;Form Hellas Minor;;;;;;;;;x,,,
form_hellas_minor_tt;§Y[Root.GetBestName]§! creates §YThe Kingom of Hellas Minor§!.;;;;;;;;;x,,,

form_england;Restore England;;;;;;;;;x,,,
form_england_desc;In the Antideluvian age before the rise of thelema and the British, The Anglophone people of the British Isles once ruled a mighty and feared kingdom known as England. If we were to become powerfule enough perhaps we could restore it?;;;;;;;;;x,,,
form_england_tt;§Y[Root.GetBestName]§! creates §YThe Kingom of England§!.;;;;;;;;;x,,,

form_wendia;Form Sorbia;;;;;;;;;x,,,
form_wendia_desc;Form Sorbia;;;;;;;;;x,,,
form_wendia_tt;§Y[Root.GetBestName]§! creates §YThe Kingdom of Sorbia§!.;;;;;;;;;x,,,

form_kashubia;Form Kashubia;;;;;;;;;x,,,
form_kashubia_desc;Form Kashubia;;;;;;;;;x,,,
form_kashubia_tt;§Y[Root.GetBestName]§! creates §YThe Kingdom of Kashubia§!.;;;;;;;;;x,,,

form_wales;Restore Wales;;;;;;;;;x,,,
form_wales_desc;Restore Wales;;;;;;;;;x,,,
form_wales_tt;§Y[Root.GetBestName]§! creates §YThe Kingdom of Wales§!.;;;;;;;;;x,,,

form_cornwall;Restore Cornwall;;;;;;;;;x,,,
form_cornwall_desc;Restore Cornwall;;;;;;;;;x,,,
form_cornwall_tt;§Y[Root.GetBestName]§! creates §YThe Kingdom of Cornwall§!.;;;;;;;;;x,,,

form_wolgagermany;Create Kasachdeutschland;;;;;;;;;x,,,
form_wolgagermany_desc;Create Kasachdeutschland;;;;;;;;;x,,,
form_wolgagermany_tt;§Y[Root.GetBestName]§! creates §YKasachdeutschland§!.;;;;;;;;;x,,,

form_al-andalus;Create Al-Andalus;;;;;;;;;x,,,
form_al-andalus_desc;Create Al-Andalus;;;;;;;;;x,,,
form_al-andalus_tt;§Y[Root.GetBestName]§! creates §YAl-Andalus§!.;;;;;;;;;x,,,

form_macedonia;Reunify Macedonia;;;;;;;;;x,,,
form_macedonia_desc;For centuries Macedonia has been torn between warring states. Now with all core lands of Macedonia under the rule of a true Macedonian, I could be able to reunify those lands into the Macedonia of old.;;;;;;;;;x,,,
form_macedonia_tt;§Y[Root.GetBestName]§! creates §YThe Kingdom of Macedonia§!.;;;;;;;;;x,,,

build_chariot;Build a War Chariot;;;;;;;;;x,,
build_chariot_desc;Construct a mighty war chariot, so that your riders will respect your might.;;;;;;;;;x,,

form_gondor;Restore the Kingdom of Gondor;;;;;;;;;x,,
form_gondor_desc;The Kingdom of Gondor was cruelly destroyed by the British invaders. Now that we have retaken Paris, we can reform this great kingdom and begin the reconquest of our native home!;;;;;;;;;x,,

form_arnor;Restore the Kingdom of Arnor;;;;;;;;;x,,
form_arnor_desc;The Kingdom of Arnor was lost by the decadence of the Bonaparte family in centuries past, even before the British invaded. Now that we have retaken Marseille, we can truly call ourselves Kings of Arnor once more.;;;;;;;;;x,,

form_harad;Found the Kingdom of Harad;;;;;;;;;x,,
form_harad_desc;The Kingdom of Harad, although described briefly in the Novel, was never a part of Númenor other than one of the many titles of the High King. Now that we have taken the lands we believe to be Harad we can finally crown ourselves their legitimate King!;;;;;;;;;x,,

form_numenor;Restore the Crown of The White Tree;;;;;;;;;x,,
form_numenor_desc;Mighty Númenor once stretched from the Pyrenees to the Polders of Holland. That great Empire spread the Novelist faith throughout the land, but the wicked British utterly destroyed it. Now that we have reclaimed much of our ancient glory, we can once again crown ourselves as High King of Numenor!;;;;;;;;;x,,

integrate_babylon;Integrate Babylon;;;;;;;;;x,,
integrate_babylon_desc;Integrate the Kingdom of Babylon into the Empire of Neo-Neo-Assyria.;;;;;;;;;x,,

integrate_nagaland;Integrate Nagaland;;;;;;;;;x,,
integrate_nagaland_desc;Through great talent and expense the emperor of Bhutan can reorganise the Bhutanese bureaucracy to absorb new regions into its sphere of governance.;;;;;;;;;x,,

integrate_bengal;Integrate Bengal;;;;;;;;;x,,
integrate_bengal_desc;Through great talent and expense the emperor of Bhutan can reorganise the Bhutanese bureaucracy to absorb new regions into its sphere of governance.;;;;;;;;;x,,

integrate_bihar;Integrate Bihar;;;;;;;;;x,,
integrate_bihar_desc;Through great talent and expense the emperor of Bhutan can reorganise the Bhutanese bureaucracy to absorb new regions into its sphere of governance.;;;;;;;;;x,,

integrate_nepal;Integrate Nepal;;;;;;;;;x,,
integrate_nepal_desc;Through great talent and expense the emperor of Bhutan can reorganise the Bhutanese bureaucracy to absorb new regions into its sphere of governance.;;;;;;;;;x,,

form_assyria;Reunify Assyria;;;;;;;;;x,,,
form_assyria_desc;For centuries Assyria has been torn between warring states. Now with all core lands of Assyria under the rule of a true Assyrian, I could be able to reunify those lands into the Assyria of old.;;;;;;;;;x,,,
form_assyria_tt;§Y[Root.GetBestName]§! creates §YThe Kingdom of Assyria§!.;;;;;;;;;x,,,

form_aram;Reunify Aramea;;;;;;;;;x,,,
form_aram_desc;For centuries Aramea has been torn between warring states. Now with all core lands of Aramea under the rule of a true Aramaic, I could be able to reunify those lands into the Aramea of old.;;;;;;;;;x,,,
form_aram_tt;§Y[Root.GetBestName]§! creates §YThe Kingdom of Aram!.;;;;;;;;;x,,,

form_neo_assyria;Reform Neo-Assyria;;;;;;;;;x,,,
form_neo_assyria_desc;Though the Empire of Thoma may have collapsed we can still reclaim the title if we regain the necessary power.;;;;;;;;;x,,,
form_neo_assyria_tt;§Y[Root.GetBestName]§! reforms §YThe Empire of Neo-Assyria§!.;;;;;;;;;x,,,

form_babylon;Reunify Babylon;;;;;;;;;x,,,
form_babylon_desc;For centuries Mesopotamia has been torn between warring states. Now with all core lands of Babylon under the rule of a true Mesopotamian, I could be able to reunify those lands into the Babylon of old.;;;;;;;;;x,,,
form_babylon_tt;§Y[Root.GetBestName]§! creates §YThe Kingdom of Babylon§!.;;;;;;;;;x,,,

form_neo_babylon;Form Neo-Neo-Babylonia;;;;;;;;;x,,,
form_neo_babylon_desc;With our Babylonian culture reborn and our freedom won from the Assyrians, perhaps it is time for us to form an empire of our own.;;;;;;;;;x,,,
form_neo_babylon_tt;§Y[Root.GetBestName]§! creates §YThe Empire of Neo-Neo-Babylonia§!.;;;;;;;;;x,,,

form_bactria;Form Bactria;;;;;;;;;x,,,
form_bactria_desc;Long ago a people just like us ruled this land, they too called Hellas their homeland. While they may not be our ancestors, we can claim their title by right of kinship.;;;;;;;;;x,,,
form_bactria_tt;§Y[Root.GetBestName]§! creates §YThe Empire of Bactria§!.;;;;;;;;;x,,,

form_korean_empire;Form Western Koryo;;;;;;;;;x,,,
form_korean_empire_desc;For centuries our people have struggled to survive on the steppe but if we were to unite all of the lands near to our homeland we could perhaps finally exist in peace.;;;;;;;;;x,,,
form_west_korea_tt;§Y[Root.GetBestName]§! creates §YThe Empire of Western Koryo§!.;;;;;;;;;x,,,

form_centcom;Form Al-Sunta'Kum;;;;;;;;;x,,,
form_centcom_desc;In the antideluvian age our ancestors were spread out across this land in a great and mighty organisation. Now that we are powerful ourselves perhaps it is time to reclaim this old title.;;;;;;;;;x,,,
form_centcom_tt;§Y[Root.GetBestName]§! creates §YAl-Sunta'Kum§!.;;;;;;;;;x,,,

form_europabund;Form Europabund;;;;;;;;;x,,,
form_europabund_desc;Before the event, our ancestors were the hegemons of all Europe, now that we have recovered our strength, we can restore the Europabund and our hegemony over Europe.;;;;;;;;;x,,,
form_europabund_TT;§Y[Root.GetBestName]§! creates §Ythe Europabund§!.;;;;;;;;;x,,,

form_lutherstadt;Proclaim the Lutherstadt;;;;;;;;;x,,,
form_lutherstadt_desc;Now that the servants of the Pope have been banished from Germany, we can proclaim a kingdom of Luther, the Lutherstadt.;;;;;;;;;x,,,
form_lutherstadt_TT;§Y[Root.GetBestName]§! creates §Ythe Lutherstadt§!.;;;;;;;;;x,,,

form_kazzinkh;Form the Empire of Iron;;;;;;;;;x,,,
form_kazzinkh_desc;Now that I'm the undisputed master of the Ironist steppes, I can proclaim myself the ruler of a united realm.;;;;;;;;;x,,,
form_kazzinkh_TT;§Y[Root.GetBestName]§! creates §YKazzinkhistan§!.;;;;;;;;;x,,,

form_tirnanog;Form Tír na nÓg;;;;;;;;;x,,,
form_tirnanog_desc;As a powerful Celtic ruler, I can draw on ancient Irish mythology to forge a new empire, the land of the young, or Tír na nÓg;;;;;;;;;x,,,
form_tirnanog_TT;§Y[Root.GetBestName]§! creates §YTír na nÓg§!.;;;;;;;;;x,,,

restore_latin_empire;Restore Latin Empire;;;;;;x
restore_latin_empire_desc;We shall collect the core lands of this ancient empire, and raise the ancient banners of the Latin Empire.;;;;;x
restore_latin_empire_TT;Become the Emperor of the §YLatin Empire§!;;;;;;x

restore_byzantine_empire;Restore Byzantium;;;;;;x
restore_byzantine_empire_desc;I will gather the crown lands of Byzantium, and raise the old banners of Rome once more.;;;;;x
restore_byzantine_empire_TT;Become the Emperor of the §YByzantine Empire§!;;;;;;x

form_imperium;Form the Imperium of Mann;;;;;;;;;x,,,
form_imperium_desc;Now that we have risen to a place of great prominence as a people we shall declare a great empire to rival that of Rome!;;;;;;;;;x,,,
form_imperium_tt;§Y[Root.GetBestName]§! creates §YThe Imperium of Mann§!.;;;;;;;;;x,,,

form_k_mann;Form the Kingdom of Mann;;;;;;;;;x,,,
form_k_mann_desc;Now that we rule great stretches of land it is only right and just for our people to have a kingdom to call our own.;;;;;;;;;x,,,
form_k_mann_tt;§Y[Root.GetBestName]§! creates §YThe Kingdom of Mann§!.;;;;;;;;;x,,,

form_north_sea;Form the Governate of the North Sea;;;;;;;;;x,,,
form_north_sea_desc;Now that we rule all of the Feroes perhaps it is right that we stretch Brwtysh influence across the north sea?;;;;;;;;;x,,,
form_north_sea_tt;§Y[Root.GetBestName]§! creates §YThe Governate of the North Sea§!.;;;;;;;;;x,,,

form_hospitaller_state;Form the Hospitaller State;;;;;;;;;x,,,
form_hospitaller_state_desc;Our Order has grown so far and wide it makes sense that we require a reorganisation of our system to handle all of our holdings.;;;;;;;;;x,,,
form_hospitaller_state_tt;§Y[Root.GetBestName]§! creates §YThe Hospitaller State§!.;;;;;;;;;x,,,

form_sepulchre_state;Form the Sepulchrean State;;;;;;;;;x,,,
form_sepulchre_state_desc;Our Order has grown so far and wide it makes sense that we require a reorganisation of our system to handle all of our holdings.;;;;;;;;;x,,,
form_sepulchre_state_tt;§Y[Root.GetBestName]§! creates §YThe Sepulchrean State§!.;;;;;;;;;x,,,

form_tectonic_state;Form the Tectonic State;;;;;;;;;x,,,
form_tectonic_state_desc;Our Order has grown so far and wide it makes sense that we require a reorganisation of our system to handle all of our holdings.;;;;;;;;;x,,,
form_tectonic_state_tt;§Y[Root.GetBestName]§! creates §YThe Tectonic State§!.;;;;;;;;;x,,,

form_kgb_state;Form the KGB State;;;;;;;;;x,,,
form_kgb_state_desc;Our Order has grown so far and wide it makes sense that we require a reorganisation of our system to handle all of our holdings.;;;;;;;;;x,,,
form_kgb_state_tt;§Y[Root.GetBestName]§! creates §YThe KGB State§!.;;;;;;;;;x,,,

form_rome;Form the Roman Empire;;;;;;;;;x,,,
form_rome_desc;In the ancient past our people were part of a great empire that spanned the known world, If we were to control key regions of this ancient antideluvian empire we could claim its mantle.;;;;;;;;;x,,,
form_rome_tt;§Y[Root.GetBestName]§! creates §YThe Roman Empire§!.;;;;;;;;;x,,,

form_venice;Form the most Serene Republic of Venice;;;;;;;;;x,,,
form_venice_desc;Once in the distant past our people held a great republic in this land, as the inheritors of that tradition we hold the right to just as much grandure.;;;;;;;;;x,,,
form_venice_tt;§Y[Root.GetBestName]§! creates §YThe most Serene Republic of Venice§!.;;;;;;;;;x,,,

form_hansa;Form the Hanseatic League;;;;;;;;;x,,,
form_hansa_desc;Once in the distant past our people held a great republic in this land, as the inheritors of that tradition we hold the right to just as much grandure.;;;;;;;;;x,,,
form_hansa_tt;§Y[Root.GetBestName]§! creates §YThe Hanseatic League§!.;;;;;;;;;x,,,

form_roman_republic;Form the Roman Republic;;;;;;;;;x,,,
form_roman_republic_desc;Once in the distant past our people held a great republic in this land, as the inheritors of that tradition we hold the right to just as much grandure.;;;;;;;;;x,,,
form_roman_republic_tt;§Y[Root.GetBestName]§! creates §YThe Roman Republic§!.;;;;;;;;;x,,,

form_russian_republic;Form the Russian Republic;;;;;;;;;x,,,
form_russian_republic_desc;Once in the distant past our people held a great republic in this land, as the inheritors of that tradition we hold the right to just as much grandure.;;;;;;;;;x,,,
form_russian_republic_tt;§Y[Root.GetBestName]§! creates §YThe Russian Republic§!.;;;;;;;;;x,,,

form_atlantis;Form the Atlantian Empire;;;;;;;;;x,,,
form_atlantis_desc;We shall claim the mantle of the mythological Atlantians and spread our glory across the world!;;;;;;;;;x,,,
form_atlantis_tt;§Y[Root.GetBestName]§! creates §YThe Atlantian Empire§!.;;;;;;;;;x,,,

form_ladins;Form Rumantschia;;;;;;;;;x,,,
form_ladins_desc;We shall unite these lands into a kingdom for the Romansch people, Rumantschia.;;;;;;;;;x,,,
form_ladins_tt;§Y[Root.GetBestName]§! creates §YThe Kingdom of Rumantschia§!.;;;;;;;;;x,,,

form_normandy;Form Normandy;;;;;;;;;x,,,
form_normandy_desc;We shall unite our people into a great kingdom, Normandy.;;;;;;;;;x,,,
form_normandy_tt;§Y[Root.GetBestName]§! creates §YThe Kingdom of Normandy§!.;;;;;;;;;x,,,

form_burgundy;Form Burgundy;;;;;;;;;x,,,
form_burgundy_desc;We shall unite our people into a great kingdom, Burgundy.;;;;;;;;;x,,,
form_burgundy_tt;§Y[Root.GetBestName]§! creates §YThe Kingdom of Burgundy!.;;;;;;;;;x,,,

form_genoa;Form the most Serene Republic of Genoa;;;;;;;;;x,,,
form_genoa_desc;Once in the distant past our people held a great republic in this land, as the inheritors of that tradition we hold the right to just as much grandure.;;;;;;;;;x,,,
form_genoa_tt;§Y[Root.GetBestName]§! creates §YThe most Serene Republic of Genoa§!.;;;;;;;;;x,,,

form_ruthenia;Reform Grand Ruthenia;;;;;;;;;x,,,
form_ruthenia_desc;Grand Ruthenia was once united, but laid waste under the dire transnistrians. Now that their shackles are no longer binding us, we need to reclaim our destiny!;;;;;;;;;x,,,
form_ruthenia_tt;§Y[Root.GetBestName]§! creates §YGrand Ruthenia§!.;;;;;;;;;x,,,

restore_the_hre_OW;Reform the Holy Roman Empire;;;;;;;;;x,,,
restore_the_hre_OW_desc;Long ago in the antideluvian age there was a great empire that united all of central Europe and northern Italy. If we were to somehow reunite this vast territory we could reclaim this mantle for ourselves.;;;;;;;;;x,,,
restore_the_hre_OW_TT;§Y[Root.GetBestName]§! creates §YThe Holy Roman Empire§!.;;;;;;;;;x,,,

form_zion;Create Tsion;;;;;;;;;x,,,
form_zion_desc;Tsion is the concept of Israel at its height, with internal turmoil rocking the Kingdom for the last 150 years, many clamour for the restoration of the "golden era" of the Jewish people. Now that we have taken control of the territories of Israel at its peak, we are in prime position to fulfill the concept of Tsion and firmly put ourselves on the world stage as a power to be reckoned with.;;;;;;;;;x,,,
form_zion_TT;§Y[Root.GetBestName]§! creates §YThe Tsion§!.;;;;;;;;;x,,,

form_west_mandate;Form the Western Mandate;;;;;;;;;x,,,
form_west_mandate_desc;With the western frontier stabilized, we can request Beijing to grant us the Mandate of the West and give us the authorization to expand further outwards, the world will learn the ways of the Chairman, one way or another.;;;;;;;;;x,,,
form_west_mandate_TT;§Y[Root.GetBestName]§! creates §Ythe Western Mandate§!.;;;;;;;;;x,,,

form_ulm;Form the Principality of Ulm;;;;;;;;;x,,,
form_ulm_desc;If I were to become wealthy and prestigious enough I could declare myself to be the Prince of Ulm.;;;;;;;;;x,,,
form_ulm_tt;§Y[Root.GetBestName]§! creates §Ythe Principality of Ulm§!.;;;;;;;;;x,,,

form_franconia;Form Franconia;;;;;;;;;x,,,
form_franconia_desc;If I were to become wealthy and prestigious enough I could declare myself to be the inheritor of the ancient antideluvian kingdom of Franconia.;;;;;;;;;x,,,
form_franconia_tt;§Y[Root.GetBestName]§! creates §Ythe Kingdom of Franconia§!.;;;;;;;;;x,,,

donate_money_to_legion_of_mary_desc;Donate money to the Legion of Mary in exchange for Piety and lifelong respect from the [Root.Religion.GetName] Church.;;;;;;;;;x,,,
donate_money_to_legion_of_mary;Donate 300¤ to the Legion of Mary;.;;;;;;;;;x,,,
donate_money_to_knights_lazarus_desc;Donate money to the Knights of St Lazarus in exchange for Piety and lifelong respect from the [Root.Religion.GetName] Church.;;;;;;;;;x,,,
donate_money_to_knights_lazarus;Donate 300¤ to the Knights of St Lazarus;.;;;;;;;;;x,,,
donate_money_to_columbus_knights_desc;Donate money to the Columbus Knights in exchange for Piety and lifelong respect from the [Root.Religion.GetName] Church.;;;;;;;;;x,,,
donate_money_to_columbus_knights;Donate 300¤ to the Columbus Knights;.;;;;;;;;;x,,,
donate_money_to_carmelites_desc;Donate money to the Carmalites in exchange for Piety and lifelong respect from the [Root.Religion.GetName] Church.;;;;;;;;;x,,,
donate_money_to_carmelites;Donate 300¤ to the Carmalites;.;;;;;;;;;x,,,
expelled_d_legion_of_mary;Expelled the Legion of Marry;;;;;;;;;;x,,,
expel_the_legion_of_mary;Expel the Legion of Marry;;;;;;;;;;x,,,
expel_the_legion_of_mary_desc;I can drive the Legion of Marry from my realm and seize their castles. However, it is a very impious thing to do...;;;;;;;;;;x,,,
expelled_d_knights_lazarus;Expelled the Knights of St Lazarus;;;;;;;;;;x,,,
expel_the_knights_lazarus;Expel the Knights of St Lazarus;;;;;;;;;;x,,,
expel_the_knights_lazarus_desc;I can drive the Knights of St Lazarus from my realm and seize their castles. However, it is a very impious thing to do...;;;;;;;;;;x,,,

expel_montesa;Expel the Order of Montesa;;;;;;;;;;x,,,
expel_montesa_desc;I can drive the Order of Montesa from my realm and seize their castles. However, it is a very impious thing to do...;;;;;;;;;;x,,,
donate_money_to_montesa_desc;Donate money to the Order of Montesa in exchange for Piety and lifelong respect from the [Root.Religion.GetName] Church.;;;;;;;;;x,,,
donate_money_to_montesa;Donate 300¤ to the Order of Montesa.;;;;;;;;;x,,,

convert_to_oligarchic_republic_indep;Form an Oligarchic Republic;;;;;;;;;x,,
convert_to_oligarchic_republic_indep_desc;Founding a Oligarchic Republic will convert all my Tribal Holdings into Cities. Where this occurs - if the County is big enough - Castle and Temple Holdings will also be created if they do not already exist.;;;;;;;;;x,,

expel_one_holy_order;Expel [Root.GetReligionsOneHolyOrder];Expulser [Root.GetReligionsOneHolyOrder];Vertreibt [Root.GetReligionsOneHolyOrder];;Expulsar [Root.GetReligionsOneHolyOrder];;;;;;;;;x
expel_one_holy_order_desc;I can drive [Root.GetReligionsOneHolyOrder] from my realm and seize their castles. However, it is a very impious thing to do...;Je peux expulser [Root.GetReligionsOneHolyOrder] de mon pays et m'emparer de leurs commanderies. Ce serait par contre un acte des plus impies...;Ich kann [Root.GetReligionsOneHolyOrder] aus meinem Reich vertreiben und ihre Burgen beschlagnahmen. Allerdings wäre das leider nicht sehr fromm ...;;Puedo manejar [Root.GetReligionsOneHolyOrder] de mi reino y arrebatarles sus castillos. No obstante, eso sería una acción muy impía...;;;;;;;;;x
donate_money_to_one_holy_order;Donate 300¤ to [Root.GetReligionsOneHolyOrder];Donner 300¤ à [Root.GetReligionsOneHolyOrder];Spende [Root.GetReligionsOneHolyOrder] 300¤ ;;Donar 300¤ [Root.GetReligionsOneHolyOrder];;;;;;;;;x,,,,,,,,,,,,,,,,,,,,,,,,,,,,,,,,,,,,,,,,,,,,,,,,,,,
donate_money_to_one_holy_order_desc;Donate money to [Root.GetReligionsOneHolyOrder] in exchange for Piety and lifelong respect from the [Root.Religion.GetName] Church.;Il est possible de donner de l'argent à [Root.GetReligionsOneHolyOrder] en échange de piété. Cet acte augmentera également le respect de l'Église [Root.Religion.GetName] envers vous.;Ich kann [Root.GetReligionsOneHolyOrder] Geld spenden und erhalte dafür Pietät und den lebenslangen Respekt der [Root.Religion.GetName]e Kirche.;;Puedo hacer una donación a [Root.GetReligionsOneHolyOrder]. A cambio obtendré la Piedad y el respeto de por vida de la Iglesia [Root.Religion.GetName].;;;;;;;;;x
expel_two_holy_order;Expel [Root.GetReligionsTwoHolyOrder];Expulser [Root.GetReligionsTwoHolyOrder];Vertreibt [Root.GetReligionsTwoHolyOrder];;Expulsar [Root.GetReligionsTwoHolyOrder];;;;;;;;;x
expel_two_holy_order_desc;I can drive [Root.GetReligionsTwoHolyOrder] from my realm and seize their castles. However, it is a very impious thing to do...;Je peux expulser [Root.GetReligionsTwoHolyOrder] de mon pays et m'emparer de leurs commanderies. Ce serait par contre un acte des plus impies...;Ich kann [Root.GetReligionsTwoHolyOrder] aus meinem Reich vertreiben und ihre Burgen beschlagnahmen. Allerdings wäre das leider nicht sehr fromm ...;;Puedo manejar [Root.GetReligionsTwoHolyOrder] de mi reino y arrebatarles sus castillos. No obstante, eso sería una acción muy impía...;;;;;;;;;x
donate_money_to_two_holy_order;Donate 300¤ to [Root.GetReligionsTwoHolyOrder];Donner 300¤ à [Root.GetReligionsTwoHolyOrder];Spende [Root.GetReligionsTwoHolyOrder] 300¤ ;;Donar 300¤ [Root.GetReligionsTwoHolyOrder];;;;;;;;;x,,,,,,,,,,,,,,,,,,,,,,,,,,,,,,,,,,,,,,,,,,,,,,,,,,,
donate_money_to_two_holy_order_desc;Donate money to [Root.GetReligionsTwoHolyOrder] in exchange for Piety and lifelong respect from the [Root.Religion.GetName] Church.;Il est possible de donner de l'argent à [Root.GetReligionsTwoHolyOrder] en échange de piété. Cet acte augmentera également le respect de l'Église [Root.Religion.GetName] envers vous.;Ich kann [Root.GetReligionsTwoHolyOrder] Geld spenden und erhalte dafür Pietät und den lebenslangen Respekt der [Root.Religion.GetName]e Kirche.;;Puedo hacer una donación a [Root.GetReligionsTwoHolyOrder]. A cambio obtendré la Piedad y el respeto de por vida de la Iglesia [Root.Religion.GetName].;;;;;;;;;x
didnt_tried_to_construct_castle_tt;Didn't try to construct castle in the last year.;;;;;;;;;x,,
didnt_tried_to_construct_castle_this_tt;[Root.Holder.GetTitledFirstName] didn't refuse castle construction in the last ten years.;;;;;;;;;x,,
isnt_expelled_tt;Isn't expelled from the realm of [Root.Holder.GetTitledFirstName];;;;;;;;;x,,
holy_order_construct_castle;Construct Castle;;;;;;;;;x,,
holy_order_construct_castle_desc;As the [From.GetTitle] of [From.PrimaryTitle.GetName], you can request to construct a castle in the realms of [From.Religion.GetName] lords.;;;;;;;;;x,,
refused_castle_construction;Refused Castle Construction;;;;;;;;;x,,
accepted_castle_construction;Accepted Castle Construction;;;;;;;;;x,,

opinion_chaldean_converted;Converted;Converted;Converted;;Converted;;;;;;;;;x
chaldean_catholic_reunion;Re-enter communion with the Catholic church;;;;;;;;;x
chaldean_catholic_reunion_desc;In the ancient past several of our constituant churches were in communion with the pope in rome. Perhaps it is time we returned to his flock.;;;;;;;;;x

become_pirate;Turn to Piracy;;;;;;;;;x
become_pirate_desc;Yarr;;;;;;;;;x

neovedic_artifact_search;Search for Legendary Artifact;;;;;;;;;x
neovedic_artifact_search_desc;The Fifth Veda tells legends about many artifacts. A pious Neovedic ruler can begin the search for them anytime, if they don't already have one.;;;;;;;;;x
neovedic_artifact_search_tt;The search begins.;;;;;;;;;x

orange_nassau_restored;House Oranje-Nassau Restored;;;;;;;;;x
orange_nassau_restored_desc;Ever since the fall of our cousins House Belgium-Oranje-Nassau-Weilburg to novelism during the fall of the Beneluxian empire we of the house Oranje-Nassau have been the only branch left christian. The last member of our dynasty during the fall was a member of the Knights Hospitaller. As he is now grandmaster if we were to reclaim the Netherlands for Calvinism the order would easily accept the grandmaster abdicating to become the king of the Netherlands and would serve him as they did in the antideluvian age.;;;;;;;;;x

claim_to_be_mikraist_messiah;Claim to be Mikraist Messiah;;;;;;;;;x
claim_to_be_mikraist_messiah_desc;After laborious study of the Mikrah, Talmud and Zohar, and gathering the approval of religious authorities. I can finally proclaim myself the Mashiach ben Yosef, the true Messiah of the Jewish people.;;;;;;;;;x

acquire_body_part;Acquire Romanov Relic;;;;;;;;;x
acquire_body_part_desc;With enough gold and persuasion, I can buy a prized relic from this person;;;;;;;;;x

choose_jewish_school;Choose a Past Inspiration;;;;;;;;;x
choose_jewish_school_desc;Choose a past inspiration from Jewish history;;;;;;;;;x

choose_anglican_branch;Choose a Anglican Denomination;;;;;;;;;x
choose_anglican_branch_desc;Choose a denomination of the Anglican faith.;;;;;;;;;x

choose_maaravi_sect;Choose a Sect;;;;;;;;;x
choose_jewish_school_desc;Choose one of the sects of Ma'aravi Judaism to identify with.;;;;;;;;;x

choose_vagarna_branch;Choose Vagarna Branch;;;;;;;;;x
choose_vagarna_branch_desc;Choose a branch of the Vagarna faith;;;;;;;;;x

study_american_philosophy;Study American Philosophy;;;;;;;;;x
study_american_philosophy_desc;You can choose to study an aspect of American philosophy that will affect your governance for the next few years.;;;;;;;;;x

choose_jadidist_sympathy;Sympathize with another Faith;;;;;;;;;x
choose_jadidist_sympathy_desc;Choose another faith to sympathize with.;;;;;;;;;x

choose_zarist_cult;Join a Zarist Cult;;;;;;;;;x
choose_vagarna_branch_desc;Choose a Zarist cult to join.;;;;;;;;;x

choose_hasidic_sect;Join a Hasidic Sect.;;;;;;;;;x
choose_hasidic_sect_desc;Join one of the major Hasidic sects prevalent across the United States.;;;;;;;;;x

launch_jacobinist_revolution;Launch Jacobinist Revolution;;;;;;;;;x
launch_jacobinist_revolution_desc;You may play with the fabric of time and launch a Jacobinist Revolution somewhere in the world.;;;;;;;;;x
launch_jacobinist_revolution_tt;Has at least 4 counties in a kingdom, which he holds or doesn't have a holder.;;;;;;;;;x

vassalize_palmarian_papacy;Vassalize the Palmarian Pope;;;;;;;;;x
vassalize_palmarian_papacy_desc;The Palmarian religion's core is in the Iberian Peninsula, therefore the emperor of Spain can have a huge influence in religious matters too. A pietious emperor with a litle gift could convince the pope to swear fealty to them.;;;;;;;;;x

borrow_money_jews_america;Borrow 300¤ from Arhavi Merchants;;;;;;;;;;x
borrow_money_jews_america_desc;I can borrow 300¤ from Arhavi Merchants and moneylenders living in the local ports that have come from the far off land of Amr-ika.;;;;;;;;;x
repay_money_jews_america;Repay the Arhavi Moneylenders;;;;;;;;;x
repay_money_jews_america_desc;I will repay the gold that I owe the Arhavi moneylenders.;;;;;;;;;x

employ_a_bhutan_gunsmith;Employ a Bhutanese Gunsmith;;;;;;;;;x
employ_a_bhutan_gunsmith_desc;I can hire a gunsmith to produce a quality firearm for me to use in battle.;;;;;;;;;x
employ_a_kybur_gunsmith;Employ a Kybur Pass Gunsmith;;;;;;;;;x
employ_a_kybur_gunsmith_desc;I can hire a gunsmith from the Kybur pass to produce a firearm for me to use in battle.;;;;;;;;;x
employ_a_european_gunsmith;Employ a Gunsmith;;;;;;;;;x
employ_a_european_gunsmith_desc;I can hire a gunsmith to produce a firearm for me to use in battle.;;;;;;;;;x
become_a_gentleman_thief;Become a Gentleman Thief;;;;;;;;;x
become_a_gentleman_thief_desc;I will follow in the steps of the great Hooded Robin and Arsène the Lupin and fight back against the corrupt and evil through daring acts of theft.;;;;;;;;;x

hold_tiger_hunt_europe;Hold a Tiger Hunt;;;;;;;;;x
hold_tiger_hunt_europe_desc;Tiger hunting is a noble sport but also an occasion to meet your vassals to forge bonds of friendship and discuss important business. Though believed to not be native, tigers appeared in Europe after the event.;;;;;;;;;x
produce_penicillin;Produce Penicillin;;;;;;;;;x
produce_penicillin_desc;I shall use my great antideluvian knowledge to create wonderous ancient medicine.;;;;;;;;;x
take_bhutanese_exam;Take Beuracratic Exam;;;;;;;;;x
take_bhutanese_exam_desc;In Bhutan as a memeber of the aristocracy you are expected to take an exam to be qualified as a Beuracrat.;;;;;;;;;x

send_imperial_support;Send Imperial Support;;;;;;;;;x
send_imperial_support_desc;As the Emperor of the Thunder Dragon Empire I will provide large scale financial support to my friends and allies outside of Bhutan.;;;;;;;;;x

present_bachelor;Present Bachelor;;;;;;;;;;;;;;x
present_bachelor_desc;A young nobleman who has caught your eye makes his début at a formal ball.;;;;;;;;;;;;;;x