guillotine_master_1;Montagnard;;;;;;;x
guillotine_master_1_desc;This character always tries to do the work which Montagnards did before the Event.;;;;;;;x
guillotine_master_2;Robespierrist;;;;;;;x
guillotine_master_2_desc;This character is one of the most zealous followers of the Prophet, and acts like him in the most pious ways possible.;;;;;;;x
guillotine_master_3;Model Citizen;;;;;;;x
guillotine_master_3_desc;Due to his strict following of Madame Guillotine's will, this character is truely a model to all of her believers and probably would have been to all the citizen of the Republic before the Event.;;;;;;;x
madame_wants_strong;Madame Guillotine Desires The Strong;;;;;;;x
madame_wants_weak;Madame Guillotine Desires The Weak;;;;;;;x
madame_wants_smart;Madame Guillotine Desires The Smart;;;;;;;x
madame_wants_dumb;Madame Guillotine Desires The Dumb;;;;;;;x
madame_wants_virtue;Madame Guillotine Desires The Virtuous;;;;;;;x
madame_wants_vice;Madame Guillotine Desires The Vicious;;;;;;;x
madame_wants_attractive;Madame Guillotine Desires The Attractive;;;;;;;x
madame_wants_unattractive;Madame Guillotine Desires The Unattractive;;;;;;;x
madame_wants_diplomacy;Madame Guillotine Desires The Diplomats;;;;;;;x
madame_wants_martial;Madame Guillotine Desires The Soldiers;;;;;;;x
madame_wants_learning;Madame Guillotine Desires The Scholars;;;;;;;x
madame_wants_intrigue;Madame Guillotine Desires The Spies;;;;;;;x
madame_wants_stewardship;Madame Guillotine Desires The Stewards;;;;;;;x
madame_wants_young;Madame Guillotine Desires The Young;;;;;;;x
madame_wants_old;Madame Guillotine Desires The Old;;;;;;;x
madame_wants_christian;Madame Guillotine Desires The Christians;;;;;;;x
madame_wants_esoteric;Madame Guillotine Desires The Esoteric Believers;;;;;;;x
madame_wants_pagan_group;Madame Guillotine Desires The Pagans;;;;;;;x
madame_wants_jewish_group;Madame Guillotine Desires The Jews;;;;;;;x
madame_wants_oceanic;Madame Guillotine Desires The Pirates;;;;;;;x
madame_wants_muslim;Madame Guillotine Desires The Muslims;;;;;;;x
madame_wants_indian_group;Madame Guillotine Desires The Indians;;;;;;;x
madame_wants_buddhist_group;Madame Guillotine Desires The Buddhists;;;;;;;x
madame_wants_zoroastrian_group;Madame Guillotine Desires The Zoroastrians;;;;;;;x
madame_wants_communist;Madame Guillotine Desires The Red Cultists;;;;;;;x
madame_wants_zarist;Madame Guillotine Desires The Zarists;;;;;;;x
madame_wants_nobelian;Madame Guillotine Desires The Nobelians;;;;;;;x
madame_wants_ironist;Madame Guillotine Desires The Ironists;;;;;;;x
madame_wants_khanist;Madame Guillotine Desires The Khanists;;;;;;;x
madame_wants_jacobinist;Madame Guillotine Desires The Jacobinists;;;;;;;x
madame_wants_female;Madame Guillotine Desires The Women;;;;;;;x
madame_wants_male;Madame Guillotine Desires The Men;;;;;;;x
madame_wants_strong_desc;;;;;;;;x
madame_wants_weak_desc;;;;;;;;x
madame_wants_smart_desc;;;;;;;;x
madame_wants_dumb_desc;;;;;;;;x
madame_wants_virtue_desc;;;;;;;;x
madame_wants_vice_desc;;;;;;;;x
madame_wants_attractive_desc;;;;;;;;x
madame_wants_unattractive_desc;;;;;;;;x
madame_wants_diplomacy_desc;;;;;;;;x
madame_wants_martial_desc;;;;;;;;x
madame_wants_learning_desc;;;;;;;;x
madame_wants_intrigue_desc;;;;;;;;x
madame_wants_stewardship_desc;;;;;;;;x
madame_wants_young_desc;;;;;;;;x
madame_wants_old_desc;;;;;;;;x
madame_wants_christian_desc;;;;;;;;x
madame_wants_esoteric_desc;;;;;;;;x
madame_wants_pagan_group_desc;;;;;;;;x
madame_wants_jewish_group_desc;;;;;;;;x
madame_wants_oceanic_desc;;;;;;;;x
madame_wants_muslim_desc;;;;;;;;x
madame_wants_indian_group_desc;;;;;;;;x
madame_wants_buddhist_group_desc;;;;;;;;x
madame_wants_zoroastrian_group_desc;;;;;;;;x
madame_wants_communist_desc;;;;;;;;x
madame_wants_zarist_desc;;;;;;;;x
madame_wants_nobelian_desc;;;;;;;;x
madame_wants_ironist_desc;;;;;;;;x
madame_wants_khanist_desc;;;;;;;;x
madame_wants_jacobinist_desc;;;;;;;;x
madame_wants_female_desc;;;;;;;;x
madame_wants_male_desc;;;;;;;;x
yin_china;Yin;;;;;;;;x
yin_china_desc;This character aligns with the feminine passive principle in nature that in Chinese cosmology is exhibited in darkness, cold, or wetness and that combines with yang;;;;;;;;x
yang_china;Yang;;;;;;;;x
yang_china_desc;This character aligns with the masculine active principle in nature that in Chinese cosmology is exhibited in light, heat, or dryness and that combines with yin;;;;;;;;x
legendary_duelist;Legendary Duelist;;;;;;;;x
legendary_duelist_desc;This character is a world renowned duelist and terrifies all those they face in combat;;;;;;;;x
guillotine_master_1_opinion;Montagnard Opinion;Opinion sur 'Aime le sang';Hämophile Meinung;;Opinión hemofílica;;;;;;;;x
guillotine_master_1_opinion_EXPLANATION; (effect on Montagnard); (effet sur 'Aime le sang'); (Auswirkung auf Hämophile);; (efecto sobre hemofílico);;;;;;;;x
guillotine_master_2_opinion;Robespierrist Opinion;Opinion sur 'Adore le sang';Hämophante Meinung;;Opinión hemofante;;;;;;;;x
guillotine_master_2_opinion_EXPLANATION; (effect on Robespierrist); (effet sur 'Adore le sang'); (Auswirkung auf Hämophante);; (efecto sobre hemofante);;;;;;;;x
guillotine_master_3_opinion;Model Citizen Opinion;Opinion sur 'Ne vit que pour le sang';Hämonarche Meinung;;Opinión hemoarca;;;;;;;;x
guillotine_master_3_opinion_EXPLANATION; (effect on Model Citizen); (effet sur 'Ne vit que pour le sang'); (Auswirkung auf Hämonarche);; (efecto sobre hemoarca);;;;;;;;x
accepted_culture;Accepted Culture;;;;;;;;x
austria_hungary_hungarian_bonus;Tolerance Toward Hungarians;;;;;;;;x
austria_hungary_austrian_bonus;Tolerance Toward Austrians;;;;;;;;x
jacobinist_revolution_leader;Leading Jacobinist Revolution;;;;;;;;x
tijaniyyah_school;Tijaniyyah;;;;;;;;x
tijaniyyah_school_desc;The Tijaniyyah Order is easily the most popular Sufi school in Central Africa. Focusing on mysticism and repetitive chanting of sacred hymns and phrases, they are an inward-focused order.;;;;;;;;x
sanusiyya_school;Sanusiyya;;;;;;;;x
sanusiyya_school_desc;The Sanussiya Order comes originally from North Africa, and is focused on the defense of Islam from external oppression and corruption.;;;;;;;;x
qadiriyyah_school;Qadiriyyah;;;;;;;;x
qadiriyyah_school_desc;This school is a decentralised order whose practices focus on closer adherence to traditional Sunni beliefs while still retaining many typical Sufi practices.;;;;;;;;x
wahhabi_opinion;Wahhabi Opinion;;;;;;;;x
mesopotamian_opinion;Mesopotamian Opinion;;;;;;;;x
jugoslavist_opinion;Yugoslavist Opinion;;;;;;;;x
gnostic_opinion;Einblicker Opinion;;;;;;;;x
lutheran_opinion;Liturgical Opinion;;;;;;;;x
vagarna_opinion;Vaesenite Opinion;;;;;;;;x
armenianapostolic_opinion;[armenianapostolic.Religion.GetName] Opinion;;;;;;;;x
yugo_sided_with_jugo;Yugoslavist Emperor;;;;;;;;x
yugo_sided_with_catholic;Catholic Emperor;;;;;;;;x
yugo_sided_with_orthodox;Orthodox Emperor;;;;;;;;x
yugo_sided_with_muslims;Muslim Emperor;;;;;;;;x
orthodox_athos;Saint Mount Athos;;;;;;;;x
orthodox_athos_desc;Mountain of Athos was one of the largest hubs of orthodox religious activity for as long as orthodox faith itself existed. Only after the event thought it became revered as being a saint itself. Needless to say that its cult is frowned upon by mainstream Orthodoxy.;;;;;;;;x
orthodox_andrian;Saint Adriana;;;;;;;;x
orthodox_andrian_desc;St. Adriana was the creator and first ruler of the Transnistrian Empire. She re-established the Ecumenical Patriarchate, bringing an end to the lack of central authority the Orthodox faithful had felt for centuries. As a result, she is regarded as a patron saint of feudal lords and authority figures overall.;;;;;;;;x
orthodox_giorgi;Saint George;;;;;;;;x
orthodox_giorgi_desc;St. George, or 'Giorgi', as most faithful call him, is believed to be a Paladin and slayer of unholy beasts in times of ancient Byzantium. Though details of his life vary from telling to telling, his status as a patron for holy warriors prevails.;;;;;;;;x
orthodox_mykola;Saint Nicholas;;;;;;;;x
orthodox_mykola_desc;Nicholas the Wonderworker, or 'Sviatyi Mykola', as he is referred to by most of his followers, was an orthodox bishop, presumed to have been living somewhere around Ukrainian Carpathian Mountains in ancient times of the Rus. In his workshop he made gifts for peasant children, and he prayed for the others, causing miraculous healings.;;;;;;;;x
orthodox_vasiliy;Basil the Blessed;;;;;;;;x
orthodox_vasiliy_desc;Vasiliy Blazhenny was a Russian peasant, who abandoned all of his wordly possessions and became a Holy Fool, wondering and pious ascetic, who deliberately acts insane to conceal perfection of their soul from the world, and thus avoid praise. It is not uncommon for his most devoted adherents to repeat his feat.;;;;;;;;x
trained_imperial_law;Trained in Imperial Law;;;;;;;;x
trained_imperial_law_desc;This character is trained in imperial chinese law.;;;;;;;;x
trained_imperial_law_opinion;Imperial Law Opinion;;;;;;;;x
trained_republican_law;Trained in Republican Law;;;;;;;;x
trained_republican_law_desc;This character is trained in republican chinese law.\n\n§GTolerates Old World Cultists§!;;;;;;;;x
trained_republican_law_opinion;Republican Law Opinion;;;;;;;;x
trained_ccp_law;Trained in CCP Law;;;;;;;;x
trained_ccp_law_desc;This character is trained in CCP law.\n\n§GTolerates Old World Cultists§!;;;;;;;;x
trained_ccp_law_opinion;CCP Law Opinion;;;;;;;;x
iconophagos;Iconophage;;;;;;;;x
iconophagos_desc;'If icons do in fact contain holy spirit, then by eating them I will obtain a part of it for myself!'-[This.GetBestName];;;;;;;;x
nileway;Nileway;;;;;;;;;;;;;x
westway;Westway;;;;;;;;;;;;;x
trans_siberian_trade_route;Western Trans-Siberian Trade;;;;;;;;;;;;;x
trans_atlantic_trade_route;Trans-Atlantic Trade;;;;;;;;;;;;;x
dragon_trade;Dragon Trade;;;;;;;;;;;;;x
e95;E-Ninety Five;;;;;;;;;;;;;x
baltica;Baltica;;;;;;;;;;;;;x
intereuropean_routes;Intereuropean Routes;;;;;;;;;;;;;x
mediterranian_trade;Mediterranian Trade;;;;;;;;;;;;;x
gunpowder_road;Gunpowder Road;;;;;;;;;;;;;x
leopard_trade;Cocoa River;;;;;;;;;;;;;x
secret_religious_community;Secret Religious Community;Communauté [Root.secret_religion_scope.GetName] secrète;Geheime Gemeinschaft: [Root.secret_religion_scope.GetName];;Comunidad Secreta: [Root.secret_religion_scope.GetName];;;;;;;;;x
secret_religious_community_desc;In secret, the faithful have organized around a small church community in this province. From there it converts others, grows, and protects their own.;Des fidèles ont secrètement formé une communauté dans cette province. Ils y convertissent les autres personnes et protègent les leurs.;In dieser Provinz haben sich Gläubige heimlich zu einer kleinen Kirchengemeinde organisiert. Von dort aus bekehrt diese Gemeinde andere, wird immer größer und beschützt ihre Mitglieder.;;Los fieles han organizado en secreto una pequeña comunidad de culto en esta provincia. Desde ahí convierte a otros, crece y protege a los suyos.;;;;;;;;;x
bard_sibir;Bard;;;;;;;;x
bard_sibir_desc;Bards are a society of folk scholars and performers, who dedicate their life to learning, preserving and spreading what cultural heritage persisted through the apocalypse. Usually they study Antediluvian Languages and playing intruments to play hundreds of songs and poems collectively referred to as Ballads.;;;;;;;;x
;;;;;;;;;;;;;;
android;Android;;;;;;;;x
android_desc;This character is a hostile machine humanoid from beyond the sky.;;;;;;;;x
;;;;;;;;;;;;;;
blorg;Blorg;;;;;;;;;;;;;
blorg_desc;In the distant past, the Blorg lived alone and nameless in the jungles of Blorg prime. One day they picked up radio transmissions from a star far away. What they heard shocked them: The sounds of friends, movies, culture and music - things the Blorg had done without for eons. Finally understanding what they had been missing all along, the Blorg took their names from these transmissions and went out into the stars in search of friends, hoping one day to find the source of these messages so that they might party together.;;;;;;;;;;;;;
;;;;;;;;;;;;;;
nistr_ukr_good;The Emperor who destroyed his Empire;;;;;;;;x
nistr_ukr_good_desc;This Ruler decided to disassemble the Transnistrian empire to pursue his destiny as a king of Ukrainers.;;;;;;;;x
nistr_ukr_bad;The Ukrainer who forbid their people;;;;;;;;x
nistr_ukr_bad_desc;This Ruler abandoned his people to become an Emperor of Transnistria.;;;;;;;;x
;;;;;;;;;;;;;;
israeli_messiah;Mashiach ben David;;;;;;;x
israeli_messiah_desc;This character has descended from a legendary warrior who freed Jerusalem during a climactic siege and was later proclaimed as the long awaited King of Israel Mashiach ben David. While their Messianic claim is still disputed in the diaspora, they maintains a loyal following in Israel.;;;;;;;x
mikraist_messiah;Mashiach ben Yoseph;;;;;;;x
mikraist_messiah_desc;This character is descended from the Tribe of Ephraim and the patriarch Joseph, proclaimed as such by the Mikraist sect of Judaism prevalent in the Diaspora as the true Messiah, unlike the Davidic pretender in Israel.;;;;;;;x
jewish_opinion;Jewish Opinion;;;;;;;x
mikraist_opinion;Mikraist Opinion;;;;;;;x
true_christian_knight_hospitaller;True Hospitaller Knight;;;;;;;x
true_christian_knight_hospitaller_desc;This Character is, or was a member of one of the orders of Saint John who protect a majority of Christendom and co-operate with each other.;;;;;;;x
defender_faith;Defender of the Faith;;;;;;;x
defender_faith_desc;This Character has been appointed by the Pope as the one to defend Christendom from infidels.\n\n§GZealots§! periodically join wars against Heathens;;;;;;;x
;;;;;;;;;;;;;;
holy_war_cooldown;Recent Holy War;;;;;;;;;;;;;x
holy_war_cooldown_ctt;Gain the Recent Holy War modifier.\n;;;;;;;;;;;;;x
no_reconquista_tt;Not preparing Reconquista.;;;;;;;;;;;;;x
;;;;;;;;;;;;;;
celtic_rite;Celtic Rite;;;;;;;;;;;;;x
celtic_rite_desc;This Catholic practices the Celtic Rite practiced by the Catholic population of Britannia, this Rite was granted to those Catholics after the rise of the Thelemics isolated them from the Papacy.;;;;;;;;;;;;;x
maronite_rite;Maronite Rite;;;;;;;;;;;;;x
maronite_rite_desc;This Catholic practices the Maronite Rite practiced by the Catholic population of the Middle east, this Rite is one of the oldest in the Catholic Church and was expanded post event to cover all Middle Eastern Catholics.;;;;;;;;;;;;;x
indian_rite;Indian Rite;;;;;;;;;;;;;x
indian_rite_desc;This Catholic practices the Indian Rite practiced by the Catholic population of India, this Rite was granted to those Catholics due to their isolation from the Papacy.;;;;;;;;;;;;;x
iberian_rite;Iberian Rite;;;;;;;;;;;;;x
iberian_rite_desc;This Catholic practices the Iberian Rite practiced by the Catholic population of Iberia, this Rite was granted to those Catholics after the rise of the Sevillians isolated them from the Papacy.;;;;;;;;;;;;;x
latin_rite;Latin Rite;;;;;;;;;;;;;x
latin_rite_desc;This Catholic practices the most broad of the Catholic rites, the Latin Rite, also known as the Roman Rite.;;;;;;;;;;;;;x
byzantine_rite;Byzantine Rite;;;;;;;;;;;;;x
byzantine_rite_desc;This Catholic practices the Byzantine Rite practiced by the Greek influenced peoples of the Balkans and beyond. It has existed since the 17th century according to Church records.;;;;;;;;;;;;;x
armenian_rite;Caucasian Rite;;;;;;;;;;;;;x
armenian_rite_desc;This Catholic practices the Caucasian Rite practiced by the Catholic population of the Caucasus Mountains.;;;;;;;;;;;;;x
aremaic_rite;Aramaic Rite;;;;;;;;;;;;;x
aremaic_rite_desc;This Catholic practices the Aramaic Rite practiced by the Catholic Aramaic population of the Middle East.;;;;;;;;;;;;;x
slavic_rite;Slavic Rite;;;;;;;;;;;;;x
slavic_rite_desc;This Catholic practices the Slavic Rite practiced by the Catholic Slavic population of Russia, Belarus and Ukraine.;;;;;;;;;;;;;x
alexandrian_rite;Alexandrian Rite;;;;;;;;;;;;;x
alexandrian_rite_desc;This Catholic practices the Alexandrian Rite practiced by the Catholic population of Africa.;;;;;;;;;;;;;x
west_syriac_rite;West Syriac Rite;;;;;;;;;;;;;x
west_syriac_rite_desc;This Syriac-Chaldean priest performs the West Syriac Rite, more influenced by the Catholic theology practiced by the Maronite population of Lebanon.;;;;;;;;;;;;;x
east_syriac_rite;East Syriac Rite;;;;;;;;;;;;;x
east_syriac_rite_desc;This Syriac-Chaldean priest performs the East Syriac Rite, more influenced by the Nestorian theology practiced by the Assyrian population of Mesopotamia.;;;;;;;;;;;;;x
high_syriac_rite;Broad Syriac Rite;;;;;;;;;;;;;x
high_syriac_rite_desc;This Syriac-Chaldean priest performs the Broad Syriac Rite formed by the Syriac-Chaldean Patriarchate as a compromise between Catholic and Nestorian theologies to be the rite for those who don't fall under western or eastern Syriac rites.;;;;;;;;;;;;;x
lowborn;Lowborn;;;;;;;;;;;;;x
lowborn_desc;This character comes from the common people and has no Noble house behind them, though they may yet found one.;;;;;;;;;;;;;x
peasant_noble;Peasant Noble;;;;;;;;;;;;;x
peasant_noble_desc;This character comes from the common people and rose up in revolt against his noble masters thus being elevated to the rank of noble themselves. As such the common man is much more willing to fight for one of their own.;;;;;;;;;;;;;x
lowborn_opinion;Lowborn Opinion;;;;;;;;;;;;;x
peasant_noble_opinion;Peasant Noble Opinion;;;;;;;;;;;;;x
peasant_leader_opinion;Peasant Leader Opinion;;;;;;;;;;;;;x
acre_fallen;Acre has Fallen;;;;;;;;;;;;;x
jerusalem_fallen_jewish;Jerusalem has Fallen;;;;;;;;;;;;;x
;;;;;;;;;;;;;;
jewish_yona;Yona;;;;;;;;;;;;;x
jewish_yona_desc;This character is considered a Yona, who looks to continue the teachings of great diplomats of times past, with the chief one being Yitzhak, often considered a martyr for his death by unbelievers during his quest to bring world peace in preparation for the Messiah to come, many Jews consider Yitzhak's death as the catalyst of the Event as a punishment from HaShem.;;;;;;;;;;;;;x
jewish_dos;Dati;;;;;;;;;;;;;x
jewish_dos_desc;This character is considered a Dati, who looks for past spiritual figures such as the Rambam, Haramam, HaGra, Rashi, Rema, Baal Shem Tov, Hara'abi and Harayah's teachings to discover their own spirituality and be close to HaShem through careful observance and intense study of the Tanakh.;;;;;;;;;;;;;x
jewish_netz;Netz;;;;;;;;;;;;;x
jewish_netz_desc;This character is a considered a Netz, who unlike many other Jews, looks to ancient conquerors and mighty warriors such as Yehoshuah, David, Shimshon and Dayan to prove to be the mightiest in the land. While many other Jews look down upon the followers of Netz ideology, they proved to be able to defend their homelands time and time again.;;;;;;;;;;;;;x
jewish_tembel;Tembel;;;;;;;;;;;;;x
jewish_tembel_desc;This character is considered a Tembel, followers of the tales of the pre-event folk hero Srulik, who built his own house, his own farm and his own fortunes by his own hands and defended it with his own might and grit. These riveting tales of the ancient figure inspire merchants and adventurers to this day to strive ever more to find success. If Srulik could build a bridge across the Yarkon himself, then why wouldn't they?;;;;;;;;;;;;;x
jewish_dudu;Esteri;;;;;;;;;;;;;x
jewish_dudu_desc;This character is considered an Esteri, meaning "Estherite", they are known to emphasize the power one can possess behind the scenes, especially prevalent among women who revere Ester, who through subterfuge and wits found herself at the top of the world as the wife of the King of Persia.;;;;;;;;;;;;;x
;;;;;;;;;;;;;;
old_lore;The Hidden World;;;;;;;;;;;;;x
old_lore_desc;The hidden world in Germanic folklore consists of gnomes, trolls, giants, and various spirits that are well hidden from prying eyes. Seeking them out is rarely encouraged due to their unpredictable, and potentially volatile natures. However, they are still honoured in their own ways, with regular sacrifices and invocations. Seen as symbols of wisdom and untamed wilderness, the guidance of the hiddenfolk is often sought above all else in the faith.;;;;;;;;;;;;;x
old_lore_opinion;Hidden World Opinion;;;;;;;;;;;;;x
heroic_tales;Heroic Tales;;;;;;;;;;;;;x
heroic_tales_desc;Watchful protector deities, saints, and even the old gods have found their own place inside the vast oral tales of the Vaesenite faithful. Stories of the mighty Hermann in Germany or Olof the Protector in Sweden have turned such characters into patrons of villages and warriors everywhere. To a more obscure degree, followers of the old Aesir are also well respected by storytellers of the faith.\n\n§GTolerates Pagans§!\nRaiding can give §GViking traits§!;;;;;;;;;;;;;x
heroic_tales_opinion;Heroic Tales Opinion;;;;;;;;;;;;;x
keeper_of_tales;Lutheran;;;;;;;;;;;;;x
keeper_of_tales_desc;While spirits and the hiddenfolk can provide boons, they must be regularly appeased else they may cast malevolent spells and curses out of spite. The followers of Luther, still calling themselves Lutherans, turn to vigorous prayer, diligence, adherence to the Bible and superstitious rituals in order to stave away malevolent spirits and obtain protection from the väsen.\n\n§GTolerates Christians§!;;;;;;;;;;;;;x
keeper_of_tales_opinion;Lutheran Opinion;;;;;;;;;;;;;x
treaties_of_state;Cult of State;;;;;;;;;;;;;x
treaties_of_state_desc;The concept of divine rule is heavily ingrained in Germanic folklore. Royal families and ancestors of rulers are considered watchful protectors of kings and the nobility, and old constitutions are seen as scripture on the same level as importance as the Bible. Diligent, virtuous rule is highly emphasised in this branch of Vaesenite belief.;;;;;;;;;;;;;x
treaties_of_state_opinion;Cult of State Opinion;;;;;;;;;;;;;x
;;;;;;;;;;;;;;
cult_nicholas;Cult of Nikolai;;;;;;;;;;;;;x
cult_nicholas_desc;This character is devoted to Tzar Nikolai, who's heart was eaten by Stalin to steal his powers. The devotees of Nikolai are focused on wiping the scourge of Stalinism off of the face of the earth.;;;;;;;;;;;;;x
cult_ivan;Cult of Ivan;;;;;;;;;;;;;x
cult_ivan_desc;This character is devoted to Tzar Ivan, the first Tzar of a united Russia, they are devoted to the arts of realm management and the hopes of one day reforming Great Russia.;;;;;;;;;;;;;x
cult_olga;Cult of Olga;;;;;;;;;;;;;x
cult_olga_desc;This character venerates Olga of Kiev, also a saint in Christianity and seen as an aspect of Katerina by the Katerinists, this Cult is seen as a middle way between Zarism, Orthodoxy and Katerinism.;;;;;;;;;;;;;x
cult_minor_saints;Cult of the Minor Saints;;;;;;;;;;;;;x
cult_minor_saints_desc;This character is devoted to the many minor saints of the Zarist faith, sharing many common saints with Orthodox Christians, which puts them in the middle between Christianity and Zarism.;;;;;;;;;;;;;x
cult_undivided;Tzars Undivided;;;;;;;;;;;;;x
cult_undivided_desc;This character doesn't put any of the Romanov Tzars over the others and are devoted to every Tzar equally. They emphasize the importance of religious unity within Zarism.;;;;;;;;;;;;;x
;;;;;;;;;;;;;;
gentleman_thief;Gentleman Thief;;;;;;;;;;;;;x
gentleman_thief_desc;This Character is suspected to follow the footsteps of the Hooded Robin and Arsene the Lupine, performing several daring acts of theft throughout the great courts of Europe often against those considered evil or corrupt.;;;;;;;;;;;;;x
;;;;;;;;;;;;;;
bhutanese_beuracrat;Bhutanese Bureaucrat;;;;;;;;;;;;;x
bhutanese_beuracrat_desc;This person has passed the exam to have the qualifications to be a Bureaucrat in Bhutan.;;;;;;;;;;;;;x
;;;;;;;;;;;;;;
child_of_death_opinion;Child of Death opinion;;;;;;;;;;;;;x
;;;;;;;;;;;;;;
maaravi_orthodox;Orthodox;;;;;;;;;;;;;x
maaravi_orthodox_desc;This character follows Orthodox Judaism, the most widespread sect in Ma'aravi Judaism. Orthodox Jews blend the conventions of their religion with those of the world around them, essentially maintaining a balance between public and religious life.;;;;;;;;;;;;;x
;;;;;;;;;;;;;;
maaravi_rabbinical;Rabbinical;;;;;;;;;;;;;x
maaravi_rabbinical_desc;This character follows the Rabbinical sect of Ma'aravi Judaism, a sect originating Haredi Judaism, it was founded by those who rejected the isolationist lifestyle of the Haredi community and have resolved to bring their faith with them to wherever they go. Rabbinical Judaism is the most conservative sect within Ma'aravi Judaism.;;;;;;;;;;;;;x
;;;;;;;;;;;;;;
maaravi_reform;Reform;;;;;;;;;;;;;x
maaravi_reform_desc;This character follows Reform Judaism, the least orthodox sect within Ma'aravi Judaism. Reform Jews emphasizes Jewish ethics over strict observance of religious laws such as the Halacha. Reform Judaism is the most liberal sect within Ma'aravi Judaism.;;;;;;;;;;;;;x
;;;;;;;;;;;;;;
hasidic_breslov;Breslover;;;;;;;;;;;;;x
hasidic_breslov_desc;A sect of Hasidic Judaism founded by Rebbe Nachman of Breslov which emphasizes a joyous connection relationship with God by the means of striving to be happy and living life happily and sincerely and that faith is a mean to repentance. Breslover's spiritual approach is very emotional and lively, and often includes singing and dancing.;;;;;;;;;;;;;x
;;;;;;;;;;;;;;
hasidic_lubavitch;Lubavitcher;;;;;;;;;;;;;x
hasidic_lubavitch_desc;Better known as Chabad Hasidics, Lubavitchers are the adherents of the Lubavitch Hasidic dynasty. Their core teachings draw from the Zohar and Kabbalah as well as other works of Jewish mysticism. They argue that while other Hasidics emphasize the role of emotions in religious activities and prayers as in "God desires the heart", they argue that "God desires the mind" and that the mind must command the heart's actions. They value intense study of the Torah over song and dance. Their last Rebbe was hailed as the long awaited Messiah, even though other Jewish groups largely rejected that claim, Lubavitchers eagerly await the return of the Rebbe as the true Messiah of the Jewish people.;;;;;;;;;;;;;x
;;;;;;;;;;;;;;
hasidic_satmar;Satmarer;;;;;;;;;;;;;x
hasidic_satmar_desc;Followers of a fringe sect of Hasidic Judaism founded by Rabbi Joel Teitelbaum, the Satmarer ideology is a strong rejection of modernity, citing it as the source of the decay of Jewish culture before the event. They strictly follow the laws of the Torah as "All that is new is forbidden by the Torah." and often clash with other Hasidic sects and the American federal government.;;;;;;;;;;;;;x
;;;;;;;;;;;;;;
bush_old_way;Follower of the Old Ways;;;;;;;;;;;;;x
bush_old_way_desc;This character follows of the Old Ways of Nupolona-kolon, focusing on native beliefs such as ancestor worship and keeping native traditions.;;;;;;;;;;;;;x
;;;;;;;;;;;;;;
bush_new_way;Follower of the New Ways;;;;;;;;;;;;;x
bush_new_way_desc;This character follows the New Ways of Nupolona-kolon, focusing on following Protestant Christian traditions over native beliefs.;;;;;;;;;;;;;x
;;;;;;;;;;;;;;
guardians_diviners;Diviner;;;;;;;;;;;;;x
guardians_diviners_desc;This character follows a branch of the Four Guardians pantheon inspired by distorted stories told by Jesuits and Evangelical missionaries. It is told that the great father the Sun, has once created a great tree with the shape of a cross adorning the face of a man carved on its bark ushered life in the world, and it is said to be the location of the nest of the great Thunderbird.;;;;;;;;;;;;;x
;;;;;;;;;;;;;;
guardians_guardianists;Guardianists;;;;;;;;;;;;;x
guardians_guardianists_desc;This character follows a branch of the Four Guardians pantheon emphasizing the importance of the Great Thunderbird and its four underlings. And their task to maintain the spiritual and natural order of the world.;;;;;;;;;;;;;x
;;;;;;;;;;;;;;
guardians_high_order;High Order;;;;;;;;;;;;;x
guardians_high_order_desc;This character follows a branch of the Four Guardians pantheon inspired by contact with the American federal government. Speaking of a High Order that formed during the rise of man, back when contact with the Thunderbirds was more feasible than it is today. The high order of wise men speaking with the gods who later formed the great city on a hill that became America.;;;;;;;;;;;;;x
;;;;;;;;;;;;;;
studied_pragmatism;Studying Pragmatism;;;;;;;;;;;;;x
studied_pragmatism_desc;This character is studying the writings of Charles Sanders Peirce, William James and John Dewey on Pragmatism, which advocates finding practical solutions for issues that would work the most effectively.;;;;;;;;;;;;;x
;;;;;;;;;;;;;;
studied_jingoism;Studying Jingoism;;;;;;;;;;;;;x
studied_jingoism_desc;This character is studying examples of American Jingoism, which emphasizes the superiority of the United States in the world and ways to strongarm and force others to accept its terms, including wars.;;;;;;;;;;;;;x
;;;;;;;;;;;;;;
studied_transcendantalism;Studying Transcendentalism;;;;;;;;;;;;;x
studied_transcendantalism_desc;This character is studying writings on Transcendentalism which rejects rationalism in favour of the inherent purity of man and nature being corrupted by society and its institutions and emphasizing that people are at their best when self-reliant and free.;;;;;;;;;;;;;x
;;;;;;;;;;;;;;
studied_foundationalism;Studying Foundationalism;;;;;;;;;;;;;x
studied_foundationalism_desc;This character is studying writings by the Founding Fathers of the United States, collectively known as Foundationalism, which includes a wide variety of ideas and philosophies that founded the United States.;;;;;;;;;;;;;x
;;;;;;;;;;;;;;
mainline_methodist;United Methodist Church;;;;;;;;;;;;;x
mainline_methodist_desc;This character is a member of the United Methodist Church, originally spun off of the Anglican Church, it achieved great success in America in the days before the event. Its founders are noted for their methodical study of the Bible.;;;;;;;;;;;;;x
;;;;;;;;;;;;;;
mainline_lutheran;Evangelical Lutheran Church;;;;;;;;;;;;;x
mainline_lutheran_desc;This character is a member of the Evangelical Lutheran Church, the main representative of Lutheranism in America, it is closely related to the Liturgicals of Europe doctrine wise but its authority is more decentralized.;;;;;;;;;;;;;x
;;;;;;;;;;;;;;
mainline_presbyterian;Presbyterian Church of America;;;;;;;;;;;;;x
mainline_presbyterian_desc;This character is a member of the Presbyterian Church of America, originating from the Calvinist-related Presbyterians of Scotland who settled in America long before the event. They are related to the Calvinists of Europe, though they reject the theocratic style of government employed by their European brethren.;;;;;;;;;;;;;x
;;;;;;;;;;;;;;
mainline_baptist;American Baptist Church;;;;;;;;;;;;;x
mainline_baptist_desc;This character is a member of the American Baptist Church, originally consisting of several Baptist churches spread across America, in the days after the event, they consolidated under one leadership within the mainline union of churches. They believe that only true believers can be baptised, and that the subject to baptism must be aware of the significance of the procedure before undergoing it.;;;;;;;;;;;;;x
;;;;;;;;;;;;;;
mainline_episcopal;Episcopal Church of America;;;;;;;;;;;;;x
mainline_episcopal_desc;This character is a member of the Episcopal Church of America, closely related to Anglicanism, Episcopals are still in communion with the remaining Anglicans, though lack of contact with the old world made them more America-centric.;;;;;;;;;;;;;x
;;;;;;;;;;;;;;
jewish_gaon;Gaon;;;;;;;;;;;;;x
jewish_gaon_desc;This character is considered one of Judaism's most respected and leading minds regarding knowledge and study of the Torah, Talmud, Zohar and other texts.;;;;;;;;;;;;;x
;;;;;;;;;;;;;;
koranist_conservative;Conservative;;;;;;;;;;;;;x
koranist_conservative_desc;Following a stricter interpretation of the Koran, the Conservative view within Quranis are mostly in line with mainstream Sunni and Shia Muslims, aside from the rejection of the hadiths.;;;;;;;;;;;;;x
;;;;;;;;;;;;;;
koranist_moderate;Moderate;;;;;;;;;;;;;x
koranist_moderate_desc;Following a moderate interpretation of the Koran, the Moderate view within the Quranis are slightly more liberal than the Conservatives. They tend to be more diplomatic and have a greater emphasis on evangelizing their faith, seeking a common ground of understanding.;;;;;;;;;;;;;x
;;;;;;;;;;;;;;
koranist_progressive;Progressive;;;;;;;;;;;;;x
koranist_progressive_desc;Following a liberal interpretation of the Koran, the Progressive view within the Quranis are the most modern and radical. They believe in gender equality for women, and that there are a myriad of different ways to understand the Koran. Because of their views, they are disliked by Conservative Quranis and other non Qurani Muslims.;;;;;;;;;;;;;x
;;;;;;;;;;;;;;
jadid_science;Studying Science;;;;;;;;;;;;;x
jadid_science_desc;This character is focused on scientific studies, learning about the scientific achievements of mankind as well as topics such as physics, chemistry, and engineering.;;;;;;;;;;;;;x
;;;;;;;;;;;;;;
jadid_turk;Studying Turkic History;;;;;;;;;;;;;x
jadid_turk_desc;This character is focused on Turkic studies, learning about the history of Turkic peoples and notable rulers and realms.;;;;;;;;;;;;;x
;;;;;;;;;;;;;;
jadid_islam;Studying Islamic Theology;;;;;;;;;;;;;x
jadid_islam_desc;This character is focused on Islamic studies, learning about the history of the faith and details of past theologians.;;;;;;;;;;;;;x
;;;;;;;;;;;;;;
jew_liberal;Liberal;;;;;;;;;;;;;x
jew_liberal_desc;Consisting of mostly unorthodox Jewish traditions, the Liberals are mostly aligned with the United Synagogue for the purpose of convenience, but nonetheless are considered largely autonomous. Liberal Jews have more relaxed interpretations of Jewish law and promote blending into secular life.;;;;;;;;;;;;;x
;;;;;;;;;;;;;;
jew_unitarian;Unitarian;;;;;;;;;;;;;x
jew_unitarian_desc;The Unitarians seek to reconcile between the conservative and liberal factions of the United Synagogue by creating a doctrine which seeks to blend religious tradition with a forward looking and moderately relaxed approach to Jewish Law.;;;;;;;;;;;;;x
;;;;;;;;;;;;;;
jew_traditionalist;Traditionalist;;;;;;;;;;;;;x
jew_traditionalist_desc;The Traditionalists consist of the various conservative orthodox factions of the United Synagogue, though they don't forsake secular life, they emphasize the role of religious traditionalism in one's life.;;;;;;;;;;;;;x
;;;;;;;;;;;;;;
jew_autonomist;Autonomist;;;;;;;;;;;;;x
jew_autonomist_desc;The Autonomists are a vague group of synagogues and congregations who believe in the importance of the autonomy of each local community regarding traditions and nusachim.;;;;;;;;;;;;;x
;;;;;;;;;;;;;;
jew_communalist;Communalist;;;;;;;;;;;;;x
jew_communalist_desc;The Communalists are a group of Jews who seek and promote the idea of Jewish unity and brotherhood, believing that no differences of the chosen people are unbridgeable.;;;;;;;;;;;;;x
;;;;;;;;;;;;;;
jew_haredi;Haredi;;;;;;;;;;;;;x
jew_haredi_desc;Also known as the Ultra-Orthodox, the Haredim are the most conservative of all Jews, strictly adhering to Jewish law and traditions and hostile to assimilation into secular life, they largely devote themselves to religious study.;;;;;;;;;;;;;x
;;;;;;;;;;;;;;
noahide;Noahide;;;;;;;;;;;;;x
noahide_desc;This character follows the Seven Laws of Noah as given by God. These laws are said to be universal basic laws regarding basic morality for non-Jews to reach the World to Come.\n\n§GTolerates Jews§!;;;;;;;;;;;;;x
;;;;;;;;;;;;;;
neeraji_monastery;Neeraji Monastery;;;;;;;;;;;;;x
;;;;;;;;;;;;;;